dataset,accuracy_breiman,accuracy_ancestor,accuracy_zhu
ACSF1,0.7777777777777778,0.8181818181818182,0.7878787878787878
ACSF1,0.7878787878787878,0.8080808080808081,0.7878787878787878
ACSF1,0.8181818181818182,0.8080808080808081,0.797979797979798
ACSF1,0.797979797979798,0.7878787878787878,0.797979797979798
ACSF1,0.797979797979798,0.7676767676767676,0.7777777777777778
ACSF1,0.7878787878787878,0.7878787878787878,0.7777777777777778
ACSF1,0.7777777777777778,0.8080808080808081,0.8080808080808081
ACSF1,0.8181818181818182,0.797979797979798,0.7777777777777778
ACSF1,0.8080808080808081,0.797979797979798,0.7878787878787878
ACSF1,0.8282828282828283,0.797979797979798,0.8080808080808081
Adiac,0.7333333333333333,0.7333333333333333,0.735897435897436
Adiac,0.735897435897436,0.7461538461538462,0.7410256410256411
Adiac,0.7435897435897436,0.7461538461538462,0.7435897435897436
Adiac,0.7333333333333333,0.7487179487179487,0.7564102564102564
Adiac,0.717948717948718,0.735897435897436,0.7384615384615385
Adiac,0.7307692307692307,0.7307692307692307,0.7282051282051282
Adiac,0.7410256410256411,0.7461538461538462,0.7487179487179487
Adiac,0.7307692307692307,0.7410256410256411,0.7487179487179487
Adiac,0.7282051282051282,0.7307692307692307,0.7410256410256411
Adiac,0.7128205128205128,0.7153846153846154,0.7153846153846154
ArrowHead,0.7758620689655172,0.7701149425287356,0.7586206896551724
ArrowHead,0.7758620689655172,0.7816091954022989,0.7701149425287356
ArrowHead,0.735632183908046,0.764367816091954,0.7183908045977011
ArrowHead,0.7413793103448276,0.764367816091954,0.7413793103448276
ArrowHead,0.7758620689655172,0.7931034482758621,0.7701149425287356
ArrowHead,0.7528735632183908,0.764367816091954,0.7528735632183908
ArrowHead,0.7816091954022989,0.8045977011494253,0.7873563218390804
ArrowHead,0.7701149425287356,0.7931034482758621,0.7701149425287356
ArrowHead,0.7413793103448276,0.7586206896551724,0.7298850574712644
ArrowHead,0.735632183908046,0.764367816091954,0.7471264367816092
BME,0.9395973154362416,0.87248322147651,0.8791946308724832
BME,0.9664429530201343,0.9194630872483222,0.9261744966442953
BME,0.959731543624161,0.8657718120805369,0.8859060402684564
BME,0.9731543624161074,0.9261744966442953,0.9463087248322147
BME,0.9731543624161074,0.8590604026845637,0.8657718120805369
BME,0.9798657718120806,0.912751677852349,0.9261744966442953
BME,0.959731543624161,0.8859060402684564,0.9060402684563759
BME,0.912751677852349,0.8456375838926175,0.8523489932885906
BME,0.9865771812080537,0.8859060402684564,0.9060402684563759
BME,0.9798657718120806,0.8859060402684564,0.9060402684563759
Beef,0.7241379310344828,0.6206896551724138,0.6551724137931034
Beef,0.7586206896551724,0.7586206896551724,0.7586206896551724
Beef,0.7931034482758621,0.7931034482758621,0.7586206896551724
Beef,0.7241379310344828,0.7241379310344828,0.7586206896551724
Beef,0.7931034482758621,0.7241379310344828,0.7931034482758621
Beef,0.8275862068965517,0.7931034482758621,0.7931034482758621
Beef,0.6896551724137931,0.6896551724137931,0.7241379310344828
Beef,0.7586206896551724,0.7586206896551724,0.7586206896551724
Beef,0.7241379310344828,0.7241379310344828,0.7586206896551724
Beef,0.7586206896551724,0.7586206896551724,0.7586206896551724
BeetleFly,0.8421052631578947,0.6842105263157895,0.7368421052631579
BeetleFly,0.7368421052631579,0.7894736842105263,0.6842105263157895
BeetleFly,0.8421052631578947,0.7894736842105263,0.7368421052631579
BeetleFly,0.8421052631578947,0.8947368421052632,0.8947368421052632
BeetleFly,0.8421052631578947,0.7368421052631579,0.9473684210526315
BeetleFly,0.7894736842105263,0.7894736842105263,0.8421052631578947
BeetleFly,0.7894736842105263,0.9473684210526315,0.8421052631578947
BeetleFly,0.7894736842105263,0.6842105263157895,0.631578947368421
BeetleFly,0.8947368421052632,0.6842105263157895,0.6842105263157895
BeetleFly,0.6842105263157895,0.7894736842105263,0.8421052631578947
BirdChicken,0.6842105263157895,0.8421052631578947,0.8947368421052632
BirdChicken,0.631578947368421,0.631578947368421,0.631578947368421
BirdChicken,0.5789473684210527,0.7368421052631579,0.6842105263157895
BirdChicken,0.7368421052631579,0.6842105263157895,0.7368421052631579
BirdChicken,0.6842105263157895,0.7368421052631579,0.6842105263157895
BirdChicken,0.6842105263157895,0.7368421052631579,0.7368421052631579
BirdChicken,0.6842105263157895,0.7894736842105263,0.6842105263157895
BirdChicken,0.6842105263157895,0.631578947368421,0.631578947368421
BirdChicken,0.7368421052631579,0.7368421052631579,0.7368421052631579
BirdChicken,0.7368421052631579,0.7368421052631579,0.6842105263157895
CBF,0.9977753058954394,0.9977753058954394,0.9955506117908788
CBF,0.9922135706340378,0.9922135706340378,0.9888765294771968
CBF,0.9933259176863182,0.9922135706340378,0.9899888765294772
CBF,0.9944382647385984,0.9911012235817576,0.9933259176863182
CBF,0.9955506117908788,0.9944382647385984,0.9944382647385984
CBF,0.9955506117908788,0.9955506117908788,0.9933259176863182
CBF,0.9922135706340378,0.985539488320356,0.9922135706340378
CBF,0.9933259176863182,0.9933259176863182,0.9933259176863182
CBF,0.9933259176863182,0.9922135706340378,0.9944382647385984
CBF,0.9933259176863182,0.9922135706340378,0.9922135706340378
Car,0.7796610169491526,0.7627118644067796,0.7796610169491526
Car,0.7966101694915254,0.7966101694915254,0.8135593220338984
Car,0.7627118644067796,0.7796610169491526,0.7796610169491526
Car,0.8135593220338984,0.8305084745762712,0.8305084745762712
Car,0.7457627118644068,0.7796610169491526,0.7796610169491526
Car,0.7796610169491526,0.7627118644067796,0.7627118644067796
Car,0.7627118644067796,0.7796610169491526,0.8135593220338984
Car,0.8135593220338984,0.8135593220338984,0.8135593220338984
Car,0.7966101694915254,0.7966101694915254,0.7966101694915254
Car,0.7966101694915254,0.8305084745762712,0.8135593220338984
Chinatown,0.8830409356725146,0.8128654970760234,0.827485380116959
Chinatown,0.8538011695906432,0.8128654970760234,0.804093567251462
Chinatown,0.8888888888888888,0.8771929824561403,0.8654970760233918
Chinatown,0.8713450292397661,0.8421052631578947,0.8391812865497076
Chinatown,0.8830409356725146,0.8538011695906432,0.8596491228070176
Chinatown,0.8976608187134503,0.8508771929824561,0.8450292397660819
Chinatown,0.9035087719298246,0.8742690058479532,0.8830409356725146
Chinatown,0.9005847953216374,0.8976608187134503,0.868421052631579
Chinatown,0.8830409356725146,0.8538011695906432,0.8567251461988304
Chinatown,0.9093567251461988,0.8801169590643275,0.8830409356725146
ChlorineConcentration,0.7410784058348528,0.745767126855952,0.7507163323782235
ChlorineConcentration,0.7429017973430581,0.757228444907528,0.7564469914040115
ChlorineConcentration,0.748632456368846,0.7533211773899453,0.760093774420422
ChlorineConcentration,0.745767126855952,0.7551445688981505,0.758791351914561
ChlorineConcentration,0.754363115394634,0.7611357124251107,0.7613961969262829
ChlorineConcentration,0.7429017973430581,0.757228444907528,0.761656681427455
ChlorineConcentration,0.7509768168793957,0.7595728054180776,0.762959103933316
ChlorineConcentration,0.7405574368325085,0.7481114873665017,0.7538421463922896
ChlorineConcentration,0.739775983328992,0.7488929408700182,0.7522792393852565
ChlorineConcentration,0.747069549361813,0.7475905183641574,0.7551445688981505
CinCECGTorso,0.9463379260333575,0.9470630891950689,0.9456127628716461
CinCECGTorso,0.9412617839013778,0.9390862944162437,0.9419869470630892
CinCECGTorso,0.9361856417693981,0.9419869470630892,0.9390862944162437
CinCECGTorso,0.9448875997099347,0.9506889050036258,0.9448875997099347
CinCECGTorso,0.9296591733139956,0.9412617839013778,0.9311094996374184
CinCECGTorso,0.9593908629441624,0.9601160261058739,0.9586656997824511
CinCECGTorso,0.9586656997824511,0.9593908629441624,0.9572153734590283
CinCECGTorso,0.9506889050036258,0.9535895576504714,0.9586656997824511
CinCECGTorso,0.9412617839013778,0.9463379260333575,0.9427121102248006
CinCECGTorso,0.949238578680203,0.9477882523567803,0.9477882523567803
Coffee,1,0.7777777777777778,0.7777777777777778
Coffee,1,0.8518518518518519,0.8888888888888888
Coffee,1,0.8518518518518519,0.8518518518518519
Coffee,1,1,1
Coffee,1,0.8888888888888888,0.8518518518518519
Coffee,1,0.9629629629629629,0.9259259259259259
Coffee,1,0.8148148148148148,0.8888888888888888
Coffee,1,0.8518518518518519,0.9629629629629629
Coffee,1,0.8518518518518519,0.8518518518518519
Coffee,1,1,1
Computers,0.6947791164658634,0.6827309236947792,0.6827309236947792
Computers,0.7068273092369478,0.7068273092369478,0.6987951807228916
Computers,0.6987951807228916,0.6746987951807228,0.6746987951807228
Computers,0.6947791164658634,0.6867469879518072,0.6867469879518072
Computers,0.6987951807228916,0.7028112449799196,0.7028112449799196
Computers,0.6947791164658634,0.6947791164658634,0.714859437751004
Computers,0.6947791164658634,0.6947791164658634,0.6987951807228916
Computers,0.7188755020080321,0.6987951807228916,0.6987951807228916
Computers,0.6947791164658634,0.7028112449799196,0.6987951807228916
Computers,0.7028112449799196,0.6907630522088354,0.6947791164658634
CricketX,0.6529562982005142,0.6323907455012854,0.622107969151671
CricketX,0.6375321336760925,0.6349614395886889,0.6298200514138818
CricketX,0.6452442159383034,0.6529562982005142,0.6580976863753213
CricketX,0.6606683804627249,0.6658097686375322,0.6606683804627249
CricketX,0.6658097686375322,0.6503856041131105,0.6503856041131105
CricketX,0.6632390745501285,0.6555269922879178,0.6503856041131105
CricketX,0.6580976863753213,0.6478149100257069,0.6478149100257069
CricketX,0.6452442159383034,0.6349614395886889,0.6272493573264781
CricketX,0.6503856041131105,0.6658097686375322,0.6606683804627249
CricketX,0.6452442159383034,0.6375321336760925,0.6401028277634961
CricketY,0.6812339331619537,0.6812339331619537,0.6889460154241646
CricketY,0.6760925449871465,0.6760925449871465,0.6786632390745502
CricketY,0.6709511568123393,0.6709511568123393,0.6760925449871465
CricketY,0.6760925449871465,0.6863753213367609,0.6889460154241646
CricketY,0.6709511568123393,0.6838046272493573,0.6838046272493573
CricketY,0.6838046272493573,0.6580976863753213,0.6632390745501285
CricketY,0.6735218508997429,0.6658097686375322,0.6709511568123393
CricketY,0.6838046272493573,0.6863753213367609,0.6760925449871465
CricketY,0.6709511568123393,0.6735218508997429,0.6709511568123393
CricketY,0.712082262210797,0.6940874035989717,0.6966580976863753
CricketZ,0.6709511568123393,0.6760925449871465,0.6915167095115681
CricketZ,0.6735218508997429,0.6863753213367609,0.6863753213367609
CricketZ,0.6735218508997429,0.7017994858611826,0.6889460154241646
CricketZ,0.6735218508997429,0.6760925449871465,0.6863753213367609
CricketZ,0.6735218508997429,0.6735218508997429,0.6683804627249358
CricketZ,0.6760925449871465,0.6683804627249358,0.6735218508997429
CricketZ,0.6966580976863753,0.6940874035989717,0.6966580976863753
CricketZ,0.6863753213367609,0.6889460154241646,0.6889460154241646
CricketZ,0.6606683804627249,0.6838046272493573,0.6915167095115681
CricketZ,0.6812339331619537,0.6735218508997429,0.6915167095115681
DiatomSizeReduction,0.9639344262295082,0.9606557377049181,0.9672131147540983
DiatomSizeReduction,0.9737704918032787,0.9639344262295082,0.9573770491803278
DiatomSizeReduction,0.9704918032786886,0.9704918032786886,0.9672131147540983
DiatomSizeReduction,0.9704918032786886,0.9475409836065574,0.9606557377049181
DiatomSizeReduction,0.9606557377049181,0.9573770491803278,0.9606557377049181
DiatomSizeReduction,0.9639344262295082,0.9573770491803278,0.9639344262295082
DiatomSizeReduction,0.9639344262295082,0.9737704918032787,0.9540983606557377
DiatomSizeReduction,0.9672131147540983,0.9704918032786886,0.9672131147540983
DiatomSizeReduction,0.9737704918032787,0.9311475409836065,0.9508196721311475
DiatomSizeReduction,0.9606557377049181,0.9672131147540983,0.9508196721311475
DistalPhalanxOutlineAgeGroup,0.7463768115942029,0.7463768115942029,0.7536231884057971
DistalPhalanxOutlineAgeGroup,0.7318840579710145,0.7463768115942029,0.7391304347826086
DistalPhalanxOutlineAgeGroup,0.7391304347826086,0.717391304347826,0.717391304347826
DistalPhalanxOutlineAgeGroup,0.7463768115942029,0.7318840579710145,0.7391304347826086
DistalPhalanxOutlineAgeGroup,0.7391304347826086,0.7463768115942029,0.7536231884057971
DistalPhalanxOutlineAgeGroup,0.7536231884057971,0.7463768115942029,0.7536231884057971
DistalPhalanxOutlineAgeGroup,0.7608695652173914,0.7608695652173914,0.7463768115942029
DistalPhalanxOutlineAgeGroup,0.7681159420289855,0.7318840579710145,0.7318840579710145
DistalPhalanxOutlineAgeGroup,0.7463768115942029,0.7463768115942029,0.7318840579710145
DistalPhalanxOutlineAgeGroup,0.7318840579710145,0.7318840579710145,0.7391304347826086
DistalPhalanxOutlineCorrect,0.7563636363636363,0.7636363636363637,0.7672727272727272
DistalPhalanxOutlineCorrect,0.7672727272727272,0.7636363636363637,0.76
DistalPhalanxOutlineCorrect,0.7745454545454545,0.7636363636363637,0.7672727272727272
DistalPhalanxOutlineCorrect,0.7454545454545455,0.730909090909091,0.730909090909091
DistalPhalanxOutlineCorrect,0.7490909090909091,0.76,0.7454545454545455
DistalPhalanxOutlineCorrect,0.7709090909090909,0.7490909090909091,0.7563636363636363
DistalPhalanxOutlineCorrect,0.7345454545454545,0.730909090909091,0.7381818181818182
DistalPhalanxOutlineCorrect,0.7672727272727272,0.7454545454545455,0.7527272727272727
DistalPhalanxOutlineCorrect,0.7418181818181818,0.7490909090909091,0.7563636363636363
DistalPhalanxOutlineCorrect,0.76,0.7709090909090909,0.76
DistalPhalanxTW,0.6594202898550725,0.6521739130434783,0.644927536231884
DistalPhalanxTW,0.6739130434782609,0.644927536231884,0.6594202898550725
DistalPhalanxTW,0.6666666666666666,0.6521739130434783,0.644927536231884
DistalPhalanxTW,0.6231884057971014,0.6376811594202898,0.6376811594202898
DistalPhalanxTW,0.6739130434782609,0.6666666666666666,0.6594202898550725
DistalPhalanxTW,0.6594202898550725,0.6521739130434783,0.6594202898550725
DistalPhalanxTW,0.6666666666666666,0.6521739130434783,0.6521739130434783
DistalPhalanxTW,0.6739130434782609,0.644927536231884,0.6739130434782609
DistalPhalanxTW,0.6376811594202898,0.6376811594202898,0.6521739130434783
DistalPhalanxTW,0.6811594202898551,0.6739130434782609,0.6811594202898551
ECG200,0.8787878787878788,0.8787878787878788,0.8787878787878788
ECG200,0.8383838383838383,0.8383838383838383,0.8484848484848485
ECG200,0.8585858585858586,0.8585858585858586,0.8585858585858586
ECG200,0.8787878787878788,0.8686868686868687,0.8686868686868687
ECG200,0.8585858585858586,0.8585858585858586,0.8484848484848485
ECG200,0.8686868686868687,0.8686868686868687,0.8686868686868687
ECG200,0.8686868686868687,0.8787878787878788,0.8787878787878788
ECG200,0.8484848484848485,0.8585858585858586,0.8585858585858586
ECG200,0.8686868686868687,0.8585858585858586,0.8585858585858586
ECG200,0.8585858585858586,0.8484848484848485,0.8484848484848485
ECG5000,0.9404312069348744,0.9408757501667037,0.9402089353189598
ECG5000,0.9386530340075573,0.9404312069348744,0.9408757501667037
ECG5000,0.9399866637030451,0.9415425650144477,0.9406534785507891
ECG5000,0.941320293398533,0.9406534785507891,0.9397643920871305
ECG5000,0.9386530340075573,0.9395421204712159,0.938208490775728
ECG5000,0.9395421204712159,0.9402089353189598,0.9399866637030451
ECG5000,0.9386530340075573,0.9410980217826184,0.9402089353189598
ECG5000,0.9404312069348744,0.9397643920871305,0.9386530340075573
ECG5000,0.9386530340075573,0.9406534785507891,0.9395421204712159
ECG5000,0.9397643920871305,0.941320293398533,0.9402089353189598
ECGFiveDays,0.8767441860465116,0.8732558139534884,0.8651162790697674
ECGFiveDays,0.8453488372093023,0.8069767441860465,0.8209302325581396
ECGFiveDays,0.8651162790697674,0.8267441860465117,0.8453488372093023
ECGFiveDays,0.8651162790697674,0.8546511627906976,0.858139534883721
ECGFiveDays,0.8383720930232558,0.9,0.9023255813953488
ECGFiveDays,0.8197674418604651,0.8558139534883721,0.8709302325581395
ECGFiveDays,0.8197674418604651,0.8034883720930233,0.8593023255813953
ECGFiveDays,0.8255813953488372,0.7569767441860465,0.7651162790697674
ECGFiveDays,0.8174418604651162,0.8441860465116279,0.8488372093023255
ECGFiveDays,0.872093023255814,0.7686046511627908,0.7802325581395348
EOGHorizontalSignal,0.5346260387811634,0.5152354570637119,0.5207756232686981
EOGHorizontalSignal,0.5346260387811634,0.5207756232686981,0.5207756232686981
EOGHorizontalSignal,0.518005540166205,0.5096952908587258,0.5207756232686981
EOGHorizontalSignal,0.5318559556786704,0.5152354570637119,0.5041551246537396
EOGHorizontalSignal,0.5207756232686981,0.4986149584487535,0.5124653739612188
EOGHorizontalSignal,0.518005540166205,0.5152354570637119,0.5152354570637119
EOGHorizontalSignal,0.5263157894736842,0.5235457063711911,0.5235457063711911
EOGHorizontalSignal,0.5290858725761773,0.5096952908587258,0.5096952908587258
EOGHorizontalSignal,0.5235457063711911,0.5096952908587258,0.5096952908587258
EOGHorizontalSignal,0.5013850415512465,0.5152354570637119,0.5152354570637119
EOGVerticalSignal,0.481994459833795,0.5013850415512465,0.4903047091412742
EOGVerticalSignal,0.48753462603878117,0.48753462603878117,0.48476454293628807
EOGVerticalSignal,0.4792243767313019,0.4930747922437673,0.5069252077562327
EOGVerticalSignal,0.5013850415512465,0.4986149584487535,0.4930747922437673
EOGVerticalSignal,0.49584487534626037,0.5124653739612188,0.5013850415512465
EOGVerticalSignal,0.48753462603878117,0.5069252077562327,0.5013850415512465
EOGVerticalSignal,0.481994459833795,0.5096952908587258,0.5041551246537396
EOGVerticalSignal,0.49584487534626037,0.5152354570637119,0.5069252077562327
EOGVerticalSignal,0.4903047091412742,0.5069252077562327,0.49584487534626037
EOGVerticalSignal,0.5013850415512465,0.5013850415512465,0.48476454293628807
Earthquakes,0.7391304347826086,0.7463768115942029,0.7463768115942029
Earthquakes,0.7391304347826086,0.7391304347826086,0.7391304347826086
Earthquakes,0.7391304347826086,0.7391304347826086,0.7391304347826086
Earthquakes,0.7463768115942029,0.7681159420289855,0.7463768115942029
Earthquakes,0.7391304347826086,0.7391304347826086,0.7391304347826086
Earthquakes,0.7318840579710145,0.7391304347826086,0.7391304347826086
Earthquakes,0.7463768115942029,0.7463768115942029,0.7318840579710145
Earthquakes,0.7391304347826086,0.7463768115942029,0.7463768115942029
Earthquakes,0.7391304347826086,0.7391304347826086,0.7463768115942029
Earthquakes,0.7463768115942029,0.7391304347826086,0.7463768115942029
EthanolLevel,0.4909819639278557,0.5130260521042084,0.5110220440881763
EthanolLevel,0.48296593186372744,0.48897795591182364,0.49899799599198397
EthanolLevel,0.48897795591182364,0.5090180360721442,0.5090180360721442
EthanolLevel,0.4849699398797595,0.4849699398797595,0.48897795591182364
EthanolLevel,0.4649298597194389,0.48296593186372744,0.49298597194388777
EthanolLevel,0.4789579158316633,0.5050100200400801,0.48897795591182364
EthanolLevel,0.5050100200400801,0.5170340681362725,0.5170340681362725
EthanolLevel,0.46893787575150303,0.49498997995991983,0.501002004008016
EthanolLevel,0.4589178356713427,0.4749498997995992,0.4649298597194389
EthanolLevel,0.4849699398797595,0.5130260521042084,0.5150300601202404
FaceAll,0.7252812314979278,0.7258732978093546,0.7264653641207816
FaceAll,0.7282415630550622,0.7288336293664891,0.7306098283007697
FaceAll,0.7306098283007697,0.7288336293664891,0.7300177619893428
FaceAll,0.7300177619893428,0.7300177619893428,0.7306098283007697
FaceAll,0.7312018946121965,0.7288336293664891,0.7306098283007697
FaceAll,0.7258732978093546,0.7294256956779159,0.7300177619893428
FaceAll,0.7323860272350503,0.7270574304322084,0.7270574304322084
FaceAll,0.7329780935464772,0.7306098283007697,0.7317939609236235
FaceAll,0.7312018946121965,0.7288336293664891,0.7294256956779159
FaceAll,0.7317939609236235,0.7341622261693309,0.7347542924807579
FaceFour,0.9310344827586207,0.896551724137931,0.9310344827586207
FaceFour,0.9195402298850575,0.9195402298850575,0.9195402298850575
FaceFour,0.9080459770114943,0.9310344827586207,0.896551724137931
FaceFour,0.9310344827586207,0.9425287356321839,0.9310344827586207
FaceFour,0.9310344827586207,0.8850574712643678,0.9195402298850575
FaceFour,0.9080459770114943,0.9195402298850575,0.896551724137931
FaceFour,0.9310344827586207,0.896551724137931,0.9195402298850575
FaceFour,0.9310344827586207,0.9080459770114943,0.9425287356321839
FaceFour,0.896551724137931,0.9080459770114943,0.896551724137931
FaceFour,0.9195402298850575,0.9310344827586207,0.9425287356321839
FacesUCR,0.8740849194729137,0.8735968765251342,0.87701317715959
FacesUCR,0.8765251342118107,0.8755490483162518,0.8740849194729137
FacesUCR,0.8682284040995608,0.8740849194729137,0.8750610053684724
FacesUCR,0.8706686188384578,0.8765251342118107,0.8701805758906784
FacesUCR,0.8711566617862372,0.8731088335773548,0.8696925329428989
FacesUCR,0.8716447047340166,0.874572962420693,0.8726207906295754
FacesUCR,0.8701805758906784,0.8775012201073694,0.8765251342118107
FacesUCR,0.8779892630551489,0.8765251342118107,0.8775012201073694
FacesUCR,0.8740849194729137,0.8775012201073694,0.87701317715959
FacesUCR,0.8687164470473402,0.8731088335773548,0.8731088335773548
FiftyWords,0.7202643171806168,0.698237885462555,0.698237885462555
FiftyWords,0.724669603524229,0.698237885462555,0.711453744493392
FiftyWords,0.7312775330396476,0.7004405286343612,0.7026431718061674
FiftyWords,0.724669603524229,0.6960352422907489,0.7026431718061674
FiftyWords,0.7224669603524229,0.7070484581497798,0.698237885462555
FiftyWords,0.7290748898678414,0.6850220264317181,0.6894273127753304
FiftyWords,0.7158590308370044,0.6938325991189427,0.7026431718061674
FiftyWords,0.73568281938326,0.7026431718061674,0.7026431718061674
FiftyWords,0.7312775330396476,0.7092511013215859,0.7070484581497798
FiftyWords,0.7466960352422908,0.711453744493392,0.7136563876651982
Fish,0.764367816091954,0.7988505747126436,0.7931034482758621
Fish,0.7758620689655172,0.7931034482758621,0.7988505747126436
Fish,0.8333333333333334,0.8160919540229885,0.8045977011494253
Fish,0.7988505747126436,0.7988505747126436,0.8045977011494253
Fish,0.8160919540229885,0.8045977011494253,0.8103448275862069
Fish,0.8218390804597702,0.8045977011494253,0.8045977011494253
Fish,0.7931034482758621,0.8333333333333334,0.8218390804597702
Fish,0.7873563218390804,0.8045977011494253,0.8045977011494253
Fish,0.7931034482758621,0.7931034482758621,0.8103448275862069
Fish,0.7873563218390804,0.8045977011494253,0.8045977011494253
FordA,0.7710386656557998,0.7240333586050038,0.734647460197119
FordA,0.7536012130401819,0.7156937073540561,0.7338893100833965
FordA,0.7619408642911296,0.7308567096285065,0.7543593631539045
FordA,0.7573919636087946,0.7103866565579985,0.734647460197119
FordA,0.7589082638362395,0.7156937073540561,0.7285822592873389
FordA,0.756633813495072,0.7247915087187263,0.7482941622441244
FordA,0.7490523123578469,0.7255496588324488,0.7369219105382866
FordA,0.7695223654283548,0.7361637604245641,0.7490523123578469
FordA,0.7664897649734648,0.7225170583775588,0.7369219105382866
FordA,0.7543593631539045,0.714177407126611,0.7429871114480667
FordB,0.6427688504326329,0.6254635352286774,0.6415327564894932
FordB,0.6353522867737948,0.630407911001236,0.6477132262051916
FordB,0.6514215080346106,0.6316440049443758,0.6390605686032138
FordB,0.6588380716934487,0.6254635352286774,0.6341161928306551
FordB,0.6427688504326329,0.6254635352286774,0.6365883807169345
FordB,0.681087762669963,0.65389369592089,0.65389369592089
FordB,0.6563658838071693,0.6217552533992583,0.61557478368356
FordB,0.6489493201483313,0.6205191594561187,0.6402966625463535
FordB,0.6588380716934487,0.6205191594561187,0.6316440049443758
FordB,0.6563658838071693,0.6402966625463535,0.6489493201483313
FreezerRegularTrain,0.9926289926289926,0.9908739908739909,0.991926991926992
FreezerRegularTrain,0.9933309933309933,0.9915759915759915,0.9908739908739909
FreezerRegularTrain,0.9908739908739909,0.9905229905229905,0.9898209898209899
FreezerRegularTrain,0.994032994032994,0.992979992979993,0.9926289926289926
FreezerRegularTrain,0.9908739908739909,0.9898209898209899,0.9898209898209899
FreezerRegularTrain,0.9933309933309933,0.991926991926992,0.991926991926992
FreezerRegularTrain,0.992979992979993,0.9912249912249912,0.9915759915759915
FreezerRegularTrain,0.991926991926992,0.9891189891189891,0.9894699894699894
FreezerRegularTrain,0.9936819936819937,0.9912249912249912,0.9908739908739909
FreezerRegularTrain,0.992979992979993,0.9912249912249912,0.9908739908739909
FreezerSmallTrain,0.8287118287118287,0.8164268164268165,0.8058968058968059
FreezerSmallTrain,0.8817128817128818,0.6704106704106704,0.6981396981396981
FreezerSmallTrain,0.8567918567918568,0.7848367848367849,0.795015795015795
FreezerSmallTrain,0.8883818883818884,0.8167778167778168,0.8136188136188136
FreezerSmallTrain,0.8718848718848718,0.7472797472797473,0.7714987714987716
FreezerSmallTrain,0.8725868725868726,0.7500877500877501,0.7571077571077571
FreezerSmallTrain,0.8515268515268515,0.7367497367497368,0.73990873990874
FreezerSmallTrain,0.8694278694278694,0.7328887328887329,0.7335907335907336
FreezerSmallTrain,0.8455598455598455,0.6883116883116883,0.7409617409617409
FreezerSmallTrain,0.8367848367848368,0.7378027378027378,0.7388557388557389
Fungi,0.8108108108108109,0.8216216216216217,0.827027027027027
Fungi,0.8594594594594595,0.8648648648648649,0.8594594594594595
Fungi,0.8378378378378378,0.8162162162162162,0.8
Fungi,0.8162162162162162,0.8216216216216217,0.8378378378378378
Fungi,0.8,0.7837837837837838,0.8054054054054054
Fungi,0.7891891891891892,0.7891891891891892,0.7945945945945946
Fungi,0.8540540540540541,0.8756756756756757,0.8756756756756757
Fungi,0.8378378378378378,0.827027027027027,0.8108108108108109
Fungi,0.8810810810810811,0.8756756756756757,0.8702702702702703
Fungi,0.8756756756756757,0.8702702702702703,0.8648648648648649
GunPoint,0.959731543624161,0.9664429530201343,0.959731543624161
GunPoint,0.959731543624161,0.9664429530201343,0.959731543624161
GunPoint,0.9664429530201343,0.9664429530201343,0.9731543624161074
GunPoint,0.959731543624161,0.9664429530201343,0.9664429530201343
GunPoint,0.959731543624161,0.9731543624161074,0.959731543624161
GunPoint,0.959731543624161,0.9530201342281879,0.959731543624161
GunPoint,0.9664429530201343,0.9731543624161074,0.9731543624161074
GunPoint,0.9664429530201343,0.9731543624161074,0.9731543624161074
GunPoint,0.9664429530201343,0.9731543624161074,0.9664429530201343
GunPoint,0.9664429530201343,0.959731543624161,0.9664429530201343
GunPointAgeSpan,0.9936507936507937,0.9968253968253968,0.9968253968253968
GunPointAgeSpan,0.9968253968253968,0.9968253968253968,0.9968253968253968
GunPointAgeSpan,0.9968253968253968,0.9968253968253968,0.9968253968253968
GunPointAgeSpan,0.9904761904761905,0.9936507936507937,0.9873015873015873
GunPointAgeSpan,0.9936507936507937,0.9968253968253968,0.9936507936507937
GunPointAgeSpan,0.9968253968253968,0.9968253968253968,0.9936507936507937
GunPointAgeSpan,0.9936507936507937,0.9968253968253968,0.9968253968253968
GunPointAgeSpan,0.9936507936507937,0.9968253968253968,0.9936507936507937
GunPointAgeSpan,0.9904761904761905,0.9904761904761905,0.9873015873015873
GunPointAgeSpan,0.9936507936507937,0.9936507936507937,0.9936507936507937
GunPointMaleVersusFemale,0.9936507936507937,0.9936507936507937,0.9936507936507937
GunPointMaleVersusFemale,1,0.9936507936507937,0.9968253968253968
GunPointMaleVersusFemale,1,0.9968253968253968,0.9968253968253968
GunPointMaleVersusFemale,0.9968253968253968,0.9936507936507937,0.9968253968253968
GunPointMaleVersusFemale,0.9936507936507937,0.9936507936507937,0.9968253968253968
GunPointMaleVersusFemale,0.9936507936507937,0.9936507936507937,0.9936507936507937
GunPointMaleVersusFemale,1,1,1
GunPointMaleVersusFemale,0.9936507936507937,0.9936507936507937,0.9936507936507937
GunPointMaleVersusFemale,0.9936507936507937,0.9936507936507937,0.9936507936507937
GunPointMaleVersusFemale,0.9968253968253968,0.9936507936507937,0.9936507936507937
GunPointOldVersusYoung,0.9968152866242038,0.4745222929936306,0.4745222929936306
GunPointOldVersusYoung,1,0.4745222929936306,0.4745222929936306
GunPointOldVersusYoung,1,0.4745222929936306,0.4745222929936306
GunPointOldVersusYoung,1,0.4745222929936306,0.4745222929936306
GunPointOldVersusYoung,1,0.9617834394904459,0.9617834394904459
GunPointOldVersusYoung,1,0.4745222929936306,0.4745222929936306
GunPointOldVersusYoung,1,0.4745222929936306,0.4745222929936306
GunPointOldVersusYoung,1,0.9840764331210191,0.9840764331210191
GunPointOldVersusYoung,1,0.9490445859872612,0.9490445859872612
GunPointOldVersusYoung,1,0.9522292993630573,0.9585987261146497
Ham,0.7596153846153846,0.7596153846153846,0.7307692307692307
Ham,0.75,0.7596153846153846,0.75
Ham,0.7019230769230769,0.7019230769230769,0.6826923076923077
Ham,0.7596153846153846,0.7403846153846154,0.75
Ham,0.7019230769230769,0.6826923076923077,0.6923076923076923
Ham,0.7596153846153846,0.7596153846153846,0.7596153846153846
Ham,0.7211538461538461,0.7211538461538461,0.7211538461538461
Ham,0.7403846153846154,0.7115384615384616,0.7115384615384616
Ham,0.7307692307692307,0.7211538461538461,0.7403846153846154
Ham,0.7692307692307693,0.7596153846153846,0.7692307692307693
HandOutlines,0.9132791327913279,0.9051490514905149,0.9024390243902439
HandOutlines,0.907859078590786,0.8943089430894309,0.8997289972899729
HandOutlines,0.9105691056910569,0.9024390243902439,0.9051490514905149
HandOutlines,0.9105691056910569,0.9051490514905149,0.8970189701897019
HandOutlines,0.9159891598915989,0.9105691056910569,0.9132791327913279
HandOutlines,0.9105691056910569,0.9051490514905149,0.9051490514905149
HandOutlines,0.8970189701897019,0.8997289972899729,0.9024390243902439
HandOutlines,0.9051490514905149,0.8997289972899729,0.9024390243902439
HandOutlines,0.9051490514905149,0.8970189701897019,0.8970189701897019
HandOutlines,0.9159891598915989,0.907859078590786,0.907859078590786
Haptics,0.42671009771986973,0.40390879478827363,0.4169381107491857
Haptics,0.44299674267100975,0.40390879478827363,0.4006514657980456
Haptics,0.4201954397394137,0.40390879478827363,0.40716612377850164
Haptics,0.4234527687296417,0.4006514657980456,0.40716612377850164
Haptics,0.4364820846905538,0.3973941368078176,0.4006514657980456
Haptics,0.4234527687296417,0.3811074918566775,0.39087947882736157
Haptics,0.4201954397394137,0.38762214983713356,0.38436482084690554
Haptics,0.4201954397394137,0.3941368078175896,0.39087947882736157
Haptics,0.4364820846905538,0.3941368078175896,0.3973941368078176
Haptics,0.4201954397394137,0.3941368078175896,0.40716612377850164
Herring,0.49206349206349204,0.5238095238095238,0.5238095238095238
Herring,0.6031746031746031,0.6031746031746031,0.6031746031746031
Herring,0.6031746031746031,0.5714285714285714,0.5714285714285714
Herring,0.5396825396825397,0.5079365079365079,0.5396825396825397
Herring,0.6031746031746031,0.5714285714285714,0.5714285714285714
Herring,0.5714285714285714,0.5396825396825397,0.5079365079365079
Herring,0.47619047619047616,0.47619047619047616,0.49206349206349204
Herring,0.6666666666666666,0.5873015873015873,0.6031746031746031
Herring,0.6190476190476191,0.6349206349206349,0.6190476190476191
Herring,0.5555555555555556,0.5555555555555556,0.5238095238095238
HouseTwenty,0.8305084745762712,0.8305084745762712,0.8220338983050848
HouseTwenty,0.8389830508474576,0.8389830508474576,0.847457627118644
HouseTwenty,0.847457627118644,0.8559322033898306,0.8559322033898306
HouseTwenty,0.8305084745762712,0.8389830508474576,0.8305084745762712
HouseTwenty,0.7966101694915254,0.8220338983050848,0.8220338983050848
HouseTwenty,0.8305084745762712,0.8389830508474576,0.8559322033898306
HouseTwenty,0.8050847457627118,0.847457627118644,0.8305084745762712
HouseTwenty,0.8135593220338984,0.8050847457627118,0.8135593220338984
HouseTwenty,0.8559322033898306,0.8305084745762712,0.8559322033898306
HouseTwenty,0.8050847457627118,0.8305084745762712,0.8220338983050848
InlineSkate,0.3788706739526412,0.37522768670309653,0.37340619307832423
InlineSkate,0.3825136612021858,0.37340619307832423,0.3788706739526412
InlineSkate,0.3861566484517304,0.3697632058287796,0.3697632058287796
InlineSkate,0.3770491803278688,0.37158469945355194,0.37340619307832423
InlineSkate,0.3825136612021858,0.3879781420765027,0.3770491803278688
InlineSkate,0.3970856102003643,0.3825136612021858,0.39344262295081966
InlineSkate,0.3679417122040073,0.3697632058287796,0.37340619307832423
InlineSkate,0.37522768670309653,0.3825136612021858,0.37158469945355194
InlineSkate,0.366120218579235,0.366120218579235,0.3679417122040073
InlineSkate,0.3697632058287796,0.3770491803278688,0.3770491803278688
InsectEPGRegularTrain,0.9758064516129032,0.3548387096774194,0.3548387096774194
InsectEPGRegularTrain,0.9717741935483871,0.3548387096774194,0.3548387096774194
InsectEPGRegularTrain,0.9717741935483871,0.3548387096774194,0.3548387096774194
InsectEPGRegularTrain,0.9798387096774194,0.3548387096774194,0.3548387096774194
InsectEPGRegularTrain,0.9798387096774194,0.3548387096774194,0.3548387096774194
InsectEPGRegularTrain,0.9798387096774194,0.3548387096774194,0.3548387096774194
InsectEPGRegularTrain,0.9758064516129032,0.3548387096774194,0.3548387096774194
InsectEPGRegularTrain,0.9758064516129032,0.3548387096774194,0.3548387096774194
InsectEPGRegularTrain,0.9717741935483871,0.3548387096774194,0.3548387096774194
InsectEPGRegularTrain,0.9717741935483871,0.3548387096774194,0.3548387096774194
InsectEPGSmallTrain,0.9556451612903226,0.3548387096774194,0.3548387096774194
InsectEPGSmallTrain,0.9717741935483871,0.3548387096774194,0.3548387096774194
InsectEPGSmallTrain,0.9798387096774194,0.3548387096774194,0.3548387096774194
InsectEPGSmallTrain,0.9879032258064516,0.3548387096774194,0.3548387096774194
InsectEPGSmallTrain,0.9637096774193549,0.3548387096774194,0.3548387096774194
InsectEPGSmallTrain,0.9919354838709677,0.3548387096774194,0.3548387096774194
InsectEPGSmallTrain,0.9838709677419355,0.3548387096774194,0.3548387096774194
InsectEPGSmallTrain,0.9798387096774194,0.8991935483870968,0.8991935483870968
InsectEPGSmallTrain,0.9758064516129032,0.3548387096774194,0.3548387096774194
InsectEPGSmallTrain,0.9838709677419355,0.3548387096774194,0.3548387096774194
InsectWingbeatSound,0.6250631632137443,0.6154623547246084,0.6119252147549268
InsectWingbeatSound,0.6255684689236989,0.6088933804951996,0.6149570490146539
InsectWingbeatSound,0.6159676604345629,0.6008084891359272,0.6008084891359272
InsectWingbeatSound,0.6210207175341081,0.6058615462354725,0.608388074785245
InsectWingbeatSound,0.6311268317331986,0.6225366346639717,0.6210207175341081
InsectWingbeatSound,0.6164729661445174,0.6099039919151087,0.6134411318847903
InsectWingbeatSound,0.627589691763517,0.61899949469429,0.6154623547246084
InsectWingbeatSound,0.628600303183426,0.6088933804951996,0.6104092976250631
InsectWingbeatSound,0.6311268317331986,0.6093986862051541,0.6114199090449722
InsectWingbeatSound,0.6174835775644265,0.6078827690752906,0.6078827690752906
ItalyPowerDemand,0.9552529182879378,0.9562256809338522,0.9552529182879378
ItalyPowerDemand,0.9552529182879378,0.9571984435797666,0.9562256809338522
ItalyPowerDemand,0.958171206225681,0.9571984435797666,0.9601167315175098
ItalyPowerDemand,0.958171206225681,0.958171206225681,0.9591439688715954
ItalyPowerDemand,0.958171206225681,0.9571984435797666,0.9552529182879378
ItalyPowerDemand,0.9601167315175098,0.9562256809338522,0.9542801556420234
ItalyPowerDemand,0.9591439688715954,0.9678988326848249,0.9601167315175098
ItalyPowerDemand,0.9620622568093385,0.9610894941634242,0.9601167315175098
ItalyPowerDemand,0.9601167315175098,0.9620622568093385,0.9591439688715954
ItalyPowerDemand,0.9620622568093385,0.9630350194552529,0.9620622568093385
LargeKitchenAppliances,0.5641711229946524,0.5561497326203209,0.5481283422459893
LargeKitchenAppliances,0.5668449197860963,0.5588235294117647,0.5588235294117647
LargeKitchenAppliances,0.5561497326203209,0.5320855614973262,0.5427807486631016
LargeKitchenAppliances,0.553475935828877,0.5401069518716578,0.5454545454545454
LargeKitchenAppliances,0.5508021390374331,0.5508021390374331,0.5454545454545454
LargeKitchenAppliances,0.5641711229946524,0.5401069518716578,0.553475935828877
LargeKitchenAppliances,0.5427807486631016,0.5347593582887701,0.5401069518716578
LargeKitchenAppliances,0.5614973262032086,0.5374331550802139,0.5427807486631016
LargeKitchenAppliances,0.5588235294117647,0.5401069518716578,0.5481283422459893
LargeKitchenAppliances,0.5454545454545454,0.5401069518716578,0.5454545454545454
Lightning2,0.75,0.75,0.75
Lightning2,0.8,0.8,0.8
Lightning2,0.7333333333333333,0.7,0.7
Lightning2,0.7333333333333333,0.75,0.7333333333333333
Lightning2,0.8,0.8,0.8
Lightning2,0.7666666666666667,0.8,0.8
Lightning2,0.7833333333333333,0.8,0.7833333333333333
Lightning2,0.7833333333333333,0.8,0.8
Lightning2,0.75,0.75,0.7666666666666667
Lightning2,0.7833333333333333,0.8,0.8
Lightning7,0.7638888888888888,0.7638888888888888,0.7638888888888888
Lightning7,0.7777777777777778,0.7638888888888888,0.7638888888888888
Lightning7,0.7638888888888888,0.75,0.7361111111111112
Lightning7,0.7638888888888888,0.7777777777777778,0.7777777777777778
Lightning7,0.7777777777777778,0.7777777777777778,0.7777777777777778
Lightning7,0.7916666666666666,0.7638888888888888,0.75
Lightning7,0.7361111111111112,0.75,0.75
Lightning7,0.7222222222222222,0.7361111111111112,0.7361111111111112
Lightning7,0.75,0.7777777777777778,0.7777777777777778
Lightning7,0.7777777777777778,0.7777777777777778,0.7638888888888888
Mallat,0.9321672354948806,0.935580204778157,0.9347269624573379
Mallat,0.9338737201365188,0.939419795221843,0.9381399317406144
Mallat,0.9428327645051194,0.9462457337883959,0.9449658703071673
Mallat,0.9368600682593856,0.9385665529010239,0.9385665529010239
Mallat,0.9441126279863481,0.9453924914675768,0.9462457337883959
Mallat,0.9325938566552902,0.9351535836177475,0.9360068259385665
Mallat,0.9330204778156996,0.9385665529010239,0.939419795221843
Mallat,0.9424061433447098,0.9475255972696246,0.9492320819112628
Mallat,0.9449658703071673,0.947098976109215,0.9462457337883959
Mallat,0.9475255972696246,0.947098976109215,0.9492320819112628
Meat,0.864406779661017,0.8983050847457628,0.847457627118644
Meat,0.8305084745762712,0.9152542372881356,0.8813559322033898
Meat,0.864406779661017,0.9152542372881356,0.8983050847457628
Meat,0.847457627118644,0.8983050847457628,0.8813559322033898
Meat,0.8983050847457628,0.9661016949152542,0.9491525423728814
Meat,0.8983050847457628,0.9661016949152542,0.9152542372881356
Meat,0.8983050847457628,0.9152542372881356,0.9152542372881356
Meat,0.847457627118644,0.9152542372881356,0.8983050847457628
Meat,0.8983050847457628,0.9152542372881356,0.8983050847457628
Meat,0.8983050847457628,0.9491525423728814,0.9322033898305084
MedicalImages,0.7733860342555995,0.7681159420289855,0.7562582345191041
MedicalImages,0.7575757575757576,0.7351778656126482,0.7417654808959157
MedicalImages,0.7575757575757576,0.7483530961791831,0.7536231884057971
MedicalImages,0.761528326745718,0.764163372859025,0.7681159420289855
MedicalImages,0.7457180500658761,0.7523056653491436,0.7562582345191041
MedicalImages,0.766798418972332,0.7747035573122529,0.7707509881422925
MedicalImages,0.7654808959156785,0.7681159420289855,0.7707509881422925
MedicalImages,0.766798418972332,0.761528326745718,0.758893280632411
MedicalImages,0.7628458498023716,0.7628458498023716,0.764163372859025
MedicalImages,0.7747035573122529,0.769433465085639,0.7628458498023716
MiddlePhalanxOutlineAgeGroup,0.5228758169934641,0.5294117647058824,0.5228758169934641
MiddlePhalanxOutlineAgeGroup,0.5555555555555556,0.49019607843137253,0.49019607843137253
MiddlePhalanxOutlineAgeGroup,0.5294117647058824,0.49673202614379086,0.5098039215686274
MiddlePhalanxOutlineAgeGroup,0.5424836601307189,0.5163398692810458,0.5163398692810458
MiddlePhalanxOutlineAgeGroup,0.5816993464052288,0.49673202614379086,0.49019607843137253
MiddlePhalanxOutlineAgeGroup,0.5424836601307189,0.5098039215686274,0.5032679738562091
MiddlePhalanxOutlineAgeGroup,0.5098039215686274,0.49673202614379086,0.477124183006536
MiddlePhalanxOutlineAgeGroup,0.5555555555555556,0.5163398692810458,0.5228758169934641
MiddlePhalanxOutlineAgeGroup,0.49673202614379086,0.48366013071895425,0.5032679738562091
MiddlePhalanxOutlineAgeGroup,0.49019607843137253,0.477124183006536,0.477124183006536
MiddlePhalanxOutlineCorrect,0.8068965517241379,0.8,0.7931034482758621
MiddlePhalanxOutlineCorrect,0.8172413793103448,0.8241379310344827,0.8172413793103448
MiddlePhalanxOutlineCorrect,0.8206896551724138,0.8068965517241379,0.7965517241379311
MiddlePhalanxOutlineCorrect,0.8206896551724138,0.8068965517241379,0.803448275862069
MiddlePhalanxOutlineCorrect,0.8137931034482758,0.7896551724137931,0.7965517241379311
MiddlePhalanxOutlineCorrect,0.7896551724137931,0.7931034482758621,0.7931034482758621
MiddlePhalanxOutlineCorrect,0.8137931034482758,0.803448275862069,0.8206896551724138
MiddlePhalanxOutlineCorrect,0.8103448275862069,0.8137931034482758,0.8137931034482758
MiddlePhalanxOutlineCorrect,0.8103448275862069,0.7931034482758621,0.7965517241379311
MiddlePhalanxOutlineCorrect,0.8103448275862069,0.7931034482758621,0.8
MiddlePhalanxTW,0.5294117647058824,0.5294117647058824,0.5294117647058824
MiddlePhalanxTW,0.5294117647058824,0.5163398692810458,0.5424836601307189
MiddlePhalanxTW,0.5032679738562091,0.5163398692810458,0.5098039215686274
MiddlePhalanxTW,0.5032679738562091,0.5294117647058824,0.5294117647058824
MiddlePhalanxTW,0.5032679738562091,0.5228758169934641,0.5163398692810458
MiddlePhalanxTW,0.5163398692810458,0.5098039215686274,0.5294117647058824
MiddlePhalanxTW,0.5359477124183006,0.5620915032679739,0.5555555555555556
MiddlePhalanxTW,0.49673202614379086,0.5424836601307189,0.5555555555555556
MiddlePhalanxTW,0.5555555555555556,0.5424836601307189,0.5555555555555556
MiddlePhalanxTW,0.5098039215686274,0.5294117647058824,0.5294117647058824
MixedShapesRegularTrain,0.9154290429042904,0.9117161716171617,0.9137788778877888
MixedShapesRegularTrain,0.9092409240924092,0.9100660066006601,0.9100660066006601
MixedShapesRegularTrain,0.9117161716171617,0.9067656765676567,0.9096534653465347
MixedShapesRegularTrain,0.9158415841584159,0.9129537953795379,0.915016501650165
MixedShapesRegularTrain,0.9100660066006601,0.903052805280528,0.908003300330033
MixedShapesRegularTrain,0.9113036303630363,0.9108910891089109,0.9121287128712872
MixedShapesRegularTrain,0.9170792079207921,0.9146039603960396,0.9137788778877888
MixedShapesRegularTrain,0.9154290429042904,0.9146039603960396,0.9154290429042904
MixedShapesRegularTrain,0.9113036303630363,0.9084158415841584,0.9092409240924092
MixedShapesRegularTrain,0.9108910891089109,0.9075907590759076,0.9125412541254125
MixedShapesSmallTrain,0.8498349834983498,0.8523102310231023,0.851897689768977
MixedShapesSmallTrain,0.8444719471947195,0.8444719471947195,0.8444719471947195
MixedShapesSmallTrain,0.8481848184818482,0.849009900990099,0.851897689768977
MixedShapesSmallTrain,0.8391089108910891,0.8407590759075908,0.8407590759075908
MixedShapesSmallTrain,0.849009900990099,0.8498349834983498,0.8514851485148515
MixedShapesSmallTrain,0.8457095709570958,0.8407590759075908,0.8432343234323433
MixedShapesSmallTrain,0.8465346534653465,0.8411716171617162,0.8494224422442245
MixedShapesSmallTrain,0.8461221122112211,0.8452970297029703,0.8452970297029703
MixedShapesSmallTrain,0.8473597359735974,0.8444719471947195,0.8465346534653465
MixedShapesSmallTrain,0.8444719471947195,0.8407590759075908,0.8444719471947195
MoteStrain,0.8193445243804957,0.7945643485211831,0.8001598721023181
MoteStrain,0.8225419664268585,0.7897681854516387,0.7945643485211831
MoteStrain,0.8673061550759392,0.8729016786570744,0.8713029576338929
MoteStrain,0.8505195843325339,0.8313349320543565,0.8249400479616307
MoteStrain,0.832933653077538,0.806554756195044,0.815347721822542
MoteStrain,0.8457234212629896,0.8553157474020784,0.8593125499600319
MoteStrain,0.8377298161470823,0.8337330135891287,0.8521183053557154
MoteStrain,0.8257394084732215,0.8185451638689049,0.82414068745004
MoteStrain,0.815347721822542,0.8097521982414069,0.8193445243804957
MoteStrain,0.8449240607513989,0.8201438848920863,0.8393285371702638
NonInvasiveFetalECGThorax1,0.8711812627291242,0.8625254582484725,0.8660896130346232
NonInvasiveFetalECGThorax1,0.8747454175152749,0.8706720977596741,0.869653767820774
NonInvasiveFetalECGThorax1,0.8721995926680245,0.8620162932790224,0.865071283095723
NonInvasiveFetalECGThorax1,0.8737270875763747,0.8681262729124236,0.8655804480651731
NonInvasiveFetalECGThorax1,0.8706720977596741,0.8630346232179226,0.8630346232179226
NonInvasiveFetalECGThorax1,0.8721995926680245,0.8676171079429735,0.8676171079429735
NonInvasiveFetalECGThorax1,0.8762729124236253,0.8671079429735234,0.8676171079429735
NonInvasiveFetalECGThorax1,0.870162932790224,0.8686354378818737,0.8671079429735234
NonInvasiveFetalECGThorax1,0.8721995926680245,0.8706720977596741,0.8721995926680245
NonInvasiveFetalECGThorax1,0.8732179226069247,0.8706720977596741,0.8737270875763747
NonInvasiveFetalECGThorax2,0.905295315682281,0.9093686354378818,0.9103869653767821
NonInvasiveFetalECGThorax2,0.9124236252545825,0.9078411405295316,0.909877800407332
NonInvasiveFetalECGThorax2,0.9083503054989817,0.905295315682281,0.9042769857433809
NonInvasiveFetalECGThorax2,0.9114052953156823,0.9083503054989817,0.9093686354378818
NonInvasiveFetalECGThorax2,0.9093686354378818,0.9114052953156823,0.9129327902240326
NonInvasiveFetalECGThorax2,0.9042769857433809,0.9068228105906314,0.9093686354378818
NonInvasiveFetalECGThorax2,0.9083503054989817,0.9073319755600815,0.9063136456211812
NonInvasiveFetalECGThorax2,0.9088594704684317,0.9068228105906314,0.9083503054989817
NonInvasiveFetalECGThorax2,0.9108961303462322,0.9088594704684317,0.9078411405295316
NonInvasiveFetalECGThorax2,0.9078411405295316,0.9037678207739308,0.9083503054989817
OSULeaf,0.5892116182572614,0.5684647302904564,0.5684647302904564
OSULeaf,0.5892116182572614,0.5892116182572614,0.6016597510373444
OSULeaf,0.6141078838174274,0.6141078838174274,0.6099585062240664
OSULeaf,0.5684647302904564,0.5933609958506224,0.5809128630705395
OSULeaf,0.6058091286307054,0.5767634854771784,0.5850622406639004
OSULeaf,0.5892116182572614,0.5643153526970954,0.5726141078838174
OSULeaf,0.5892116182572614,0.6016597510373444,0.5975103734439834
OSULeaf,0.5933609958506224,0.5933609958506224,0.5850622406639004
OSULeaf,0.5975103734439834,0.5892116182572614,0.5933609958506224
OSULeaf,0.6058091286307054,0.6390041493775933,0.6307053941908713
OliveOil,0.8620689655172413,0.8275862068965517,0.896551724137931
OliveOil,0.8620689655172413,0.896551724137931,0.8620689655172413
OliveOil,0.8620689655172413,0.8620689655172413,0.8275862068965517
OliveOil,0.8620689655172413,0.8620689655172413,0.8275862068965517
OliveOil,0.896551724137931,0.8620689655172413,0.896551724137931
OliveOil,0.896551724137931,0.896551724137931,0.896551724137931
OliveOil,0.8620689655172413,0.8620689655172413,0.8620689655172413
OliveOil,0.9310344827586207,0.896551724137931,0.896551724137931
OliveOil,0.896551724137931,0.896551724137931,0.896551724137931
OliveOil,0.896551724137931,0.8620689655172413,0.896551724137931
PLAID,0.8004667444574096,0.7887981330221704,0.8004667444574096
PLAID,0.7922987164527421,0.7864644107351225,0.7911318553092183
PLAID,0.7887981330221704,0.7852975495915986,0.7887981330221704
PLAID,0.8016336056009334,0.8016336056009334,0.8004667444574096
PLAID,0.8051341890315052,0.7911318553092183,0.7922987164527421
PLAID,0.7922987164527421,0.7829638273045507,0.8004667444574096
PLAID,0.8004667444574096,0.79463243873979,0.7981330221703618
PLAID,0.8004667444574096,0.79463243873979,0.7957992998833139
PLAID,0.7981330221703618,0.79463243873979,0.7887981330221704
PLAID,0.79463243873979,0.7957992998833139,0.8004667444574096
PhalangesOutlinesCorrect,0.19102902374670186,0.16939313984168866,0.17308707124010553
PhalangesOutlinesCorrect,0.18839050131926122,0.17678100263852242,0.17203166226912928
PhalangesOutlinesCorrect,0.20369393139841688,0.17097625329815302,0.1762532981530343
PhalangesOutlinesCorrect,0.19261213720316622,0.17783641160949867,0.1841688654353562
PhalangesOutlinesCorrect,0.20527704485488127,0.17889182058047493,0.17783641160949867
PhalangesOutlinesCorrect,0.19788918205804748,0.17572559366754617,0.18047493403693932
PhalangesOutlinesCorrect,0.18944591029023747,0.17361477572559367,0.1683377308707124
PhalangesOutlinesCorrect,0.20158311345646437,0.18153034300791557,0.17730870712401056
PhalangesOutlinesCorrect,0.18997361477572558,0.17678100263852242,0.17361477572559367
PhalangesOutlinesCorrect,0.18311345646437996,0.18100263852242743,0.18258575197889182
Phoneme,0.2463768115942029,0.24154589371980675,0.2463768115942029
Phoneme,0.2608695652173913,0.25120772946859904,0.2463768115942029
Phoneme,0.25120772946859904,0.2608695652173913,0.2608695652173913
Phoneme,0.25120772946859904,0.2463768115942029,0.2463768115942029
Phoneme,0.2463768115942029,0.2463768115942029,0.23671497584541062
Phoneme,0.2560386473429952,0.2608695652173913,0.2608695652173913
Phoneme,0.2222222222222222,0.24154589371980675,0.24154589371980675
Phoneme,0.23671497584541062,0.2463768115942029,0.25120772946859904
Phoneme,0.26570048309178745,0.2560386473429952,0.25120772946859904
Phoneme,0.2608695652173913,0.2560386473429952,0.2560386473429952
PickupGestureWiimoteZ,0.357487922705314,0.3333333333333333,0.3188405797101449
PickupGestureWiimoteZ,0.3333333333333333,0.34299516908212563,0.3333333333333333
PickupGestureWiimoteZ,0.3140096618357488,0.33816425120772947,0.3140096618357488
PickupGestureWiimoteZ,0.3526570048309179,0.36231884057971014,0.34299516908212563
PickupGestureWiimoteZ,0.3188405797101449,0.3285024154589372,0.3140096618357488
PickupGestureWiimoteZ,0.3333333333333333,0.3526570048309179,0.34299516908212563
PickupGestureWiimoteZ,0.34782608695652173,0.3526570048309179,0.3333333333333333
PickupGestureWiimoteZ,0.34299516908212563,0.3285024154589372,0.32367149758454106
PickupGestureWiimoteZ,0.3333333333333333,0.32367149758454106,0.3140096618357488
PickupGestureWiimoteZ,0.34299516908212563,0.3285024154589372,0.3188405797101449
PigAirwayPressure,0.2318840579710145,0.23671497584541062,0.22705314009661837
PigAirwayPressure,0.2222222222222222,0.23671497584541062,0.2463768115942029
PigAirwayPressure,0.2318840579710145,0.24154589371980675,0.2463768115942029
PigAirwayPressure,0.21256038647342995,0.2028985507246377,0.2028985507246377
PigAirwayPressure,0.2608695652173913,0.24154589371980675,0.21739130434782608
PigAirwayPressure,0.2222222222222222,0.2318840579710145,0.2222222222222222
PigAirwayPressure,0.2028985507246377,0.21739130434782608,0.21739130434782608
PigAirwayPressure,0.23671497584541062,0.22705314009661837,0.23671497584541062
PigAirwayPressure,0.26570048309178745,0.23671497584541062,0.2463768115942029
PigAirwayPressure,0.27053140096618356,0.2560386473429952,0.26570048309178745
PigArtPressure,0.9903846153846154,0.9903846153846154,0.9903846153846154
PigArtPressure,0.9903846153846154,0.9903846153846154,0.9903846153846154
PigArtPressure,0.9903846153846154,0.9903846153846154,0.9903846153846154
PigArtPressure,0.9903846153846154,0.9903846153846154,0.9903846153846154
PigArtPressure,0.9903846153846154,0.9903846153846154,0.9903846153846154
PigArtPressure,0.9903846153846154,0.9903846153846154,0.9903846153846154
PigArtPressure,0.9903846153846154,0.9903846153846154,0.9903846153846154
PigArtPressure,0.9903846153846154,0.9903846153846154,0.9903846153846154
PigArtPressure,0.9903846153846154,0.9903846153846154,0.9807692307692307
PigArtPressure,0.9903846153846154,0.9903846153846154,0.9903846153846154
PigCVP,1,0.994413407821229,1
PigCVP,0.9832402234636871,0.9832402234636871,0.9832402234636871
PigCVP,1,0.994413407821229,0.994413407821229
PigCVP,0.994413407821229,0.994413407821229,0.994413407821229
PigCVP,1,0.994413407821229,0.994413407821229
PigCVP,1,0.994413407821229,0.994413407821229
PigCVP,1,0.994413407821229,1
PigCVP,1,0.994413407821229,0.994413407821229
PigCVP,0.994413407821229,0.994413407821229,0.994413407821229
PigCVP,1,1,1
Plane,0.8333333333333334,0.8235294117647058,0.8431372549019608
Plane,0.8529411764705882,0.8480392156862745,0.8382352941176471
Plane,0.8333333333333334,0.8333333333333334,0.8431372549019608
Plane,0.8382352941176471,0.8382352941176471,0.8284313725490197
Plane,0.8382352941176471,0.8333333333333334,0.8333333333333334
Plane,0.8382352941176471,0.8382352941176471,0.8382352941176471
Plane,0.8333333333333334,0.8431372549019608,0.8382352941176471
Plane,0.8529411764705882,0.8333333333333334,0.8333333333333334
Plane,0.8578431372549019,0.8627450980392157,0.8627450980392157
Plane,0.8284313725490197,0.8333333333333334,0.8333333333333334
PowerCons,0.8379310344827586,0.8413793103448276,0.8482758620689655
PowerCons,0.8379310344827586,0.8310344827586207,0.8344827586206897
PowerCons,0.8241379310344827,0.8413793103448276,0.8379310344827586
PowerCons,0.8586206896551725,0.8413793103448276,0.8379310344827586
PowerCons,0.8413793103448276,0.8413793103448276,0.8344827586206897
PowerCons,0.8482758620689655,0.8379310344827586,0.8413793103448276
PowerCons,0.8448275862068966,0.8413793103448276,0.8413793103448276
PowerCons,0.8482758620689655,0.8551724137931035,0.8586206896551725
PowerCons,0.8344827586206897,0.8413793103448276,0.8448275862068966
PowerCons,0.8482758620689655,0.8448275862068966,0.8517241379310345
ProximalPhalanxOutlineAgeGroup,0.7647058823529411,0.7598039215686274,0.7696078431372549
ProximalPhalanxOutlineAgeGroup,0.7843137254901961,0.7647058823529411,0.7696078431372549
ProximalPhalanxOutlineAgeGroup,0.7745098039215687,0.7549019607843137,0.7401960784313726
ProximalPhalanxOutlineAgeGroup,0.7745098039215687,0.7794117647058824,0.7843137254901961
ProximalPhalanxOutlineAgeGroup,0.7598039215686274,0.7549019607843137,0.7794117647058824
ProximalPhalanxOutlineAgeGroup,0.7794117647058824,0.7843137254901961,0.7843137254901961
ProximalPhalanxOutlineAgeGroup,0.7843137254901961,0.7745098039215687,0.7794117647058824
ProximalPhalanxOutlineAgeGroup,0.7549019607843137,0.7598039215686274,0.7696078431372549
ProximalPhalanxOutlineAgeGroup,0.7990196078431373,0.7794117647058824,0.7990196078431373
ProximalPhalanxOutlineAgeGroup,0.7647058823529411,0.7794117647058824,0.7696078431372549
ProximalPhalanxOutlineCorrect,0.5133689839572193,0.4946524064171123,0.5
ProximalPhalanxOutlineCorrect,0.56951871657754,0.5614973262032086,0.5401069518716578
ProximalPhalanxOutlineCorrect,0.553475935828877,0.5614973262032086,0.56951871657754
ProximalPhalanxOutlineCorrect,0.516042780748663,0.4919786096256685,0.5106951871657754
ProximalPhalanxOutlineCorrect,0.5588235294117647,0.5481283422459893,0.553475935828877
ProximalPhalanxOutlineCorrect,0.5855614973262032,0.56951871657754,0.56951871657754
ProximalPhalanxOutlineCorrect,0.553475935828877,0.5427807486631016,0.5508021390374331
ProximalPhalanxOutlineCorrect,0.5481283422459893,0.5454545454545454,0.5427807486631016
ProximalPhalanxOutlineCorrect,0.5909090909090909,0.5721925133689839,0.5588235294117647
ProximalPhalanxOutlineCorrect,0.5882352941176471,0.56951871657754,0.5668449197860963
ProximalPhalanxTW,0.7755102040816326,0.7346938775510204,0.7551020408163265
ProximalPhalanxTW,0.6938775510204082,0.6938775510204082,0.673469387755102
ProximalPhalanxTW,0.7142857142857143,0.673469387755102,0.7142857142857143
ProximalPhalanxTW,0.6938775510204082,0.5510204081632653,0.6530612244897959
ProximalPhalanxTW,0.7755102040816326,0.7551020408163265,0.7551020408163265
ProximalPhalanxTW,0.6938775510204082,0.6938775510204082,0.7142857142857143
ProximalPhalanxTW,0.7551020408163265,0.673469387755102,0.7755102040816326
ProximalPhalanxTW,0.7551020408163265,0.6530612244897959,0.7346938775510204
ProximalPhalanxTW,0.6326530612244898,0.6122448979591837,0.6530612244897959
ProximalPhalanxTW,0.7755102040816326,0.7755102040816326,0.7755102040816326
RefrigerationDevices,0.446524064171123,0.44385026737967914,0.446524064171123
RefrigerationDevices,0.4358288770053476,0.4385026737967914,0.4411764705882353
RefrigerationDevices,0.4358288770053476,0.4358288770053476,0.4304812834224599
RefrigerationDevices,0.4411764705882353,0.4358288770053476,0.4304812834224599
RefrigerationDevices,0.45187165775401067,0.42513368983957217,0.42513368983957217
RefrigerationDevices,0.4411764705882353,0.42513368983957217,0.42780748663101603
RefrigerationDevices,0.45187165775401067,0.42780748663101603,0.4304812834224599
RefrigerationDevices,0.42513368983957217,0.4144385026737968,0.40641711229946526
RefrigerationDevices,0.4385026737967914,0.4090909090909091,0.42245989304812837
RefrigerationDevices,0.43315508021390375,0.3983957219251337,0.3983957219251337
Rock,0.8647746243739566,0.8797996661101837,0.8781302170283807
Rock,0.8764607679465777,0.8814691151919867,0.8814691151919867
Rock,0.8681135225375626,0.8864774624373957,0.8831385642737897
Rock,0.8731218697829716,0.8848080133555927,0.8731218697829716
Rock,0.8747913188647746,0.8747913188647746,0.8697829716193656
Rock,0.8797996661101837,0.8848080133555927,0.8864774624373957
Rock,0.8747913188647746,0.8848080133555927,0.8848080133555927
Rock,0.8731218697829716,0.8764607679465777,0.8647746243739566
Rock,0.8664440734557596,0.8831385642737897,0.8814691151919867
Rock,0.8797996661101837,0.8764607679465777,0.8731218697829716
ScreenType,0.7750556792873051,0.7973273942093542,0.8017817371937639
ScreenType,0.779510022271715,0.8017817371937639,0.8084632516703786
ScreenType,0.8040089086859689,0.8040089086859689,0.8084632516703786
ScreenType,0.7973273942093542,0.8129175946547884,0.8062360801781737
ScreenType,0.8062360801781737,0.8151447661469933,0.8084632516703786
ScreenType,0.7906458797327395,0.7906458797327395,0.7928730512249443
ScreenType,0.799554565701559,0.8129175946547884,0.8129175946547884
ScreenType,0.8017817371937639,0.8106904231625836,0.799554565701559
ScreenType,0.7928730512249443,0.8017817371937639,0.8084632516703786
ScreenType,0.7839643652561247,0.8129175946547884,0.8040089086859689
SemgHandGenderCh2,0.8418708240534521,0.8663697104677061,0.8596881959910914
SemgHandGenderCh2,0.8418708240534521,0.8552338530066815,0.8507795100222717
SemgHandGenderCh2,0.8351893095768375,0.8619153674832962,0.8530066815144766
SemgHandGenderCh2,0.8351893095768375,0.8507795100222717,0.8507795100222717
SemgHandGenderCh2,0.8351893095768375,0.8596881959910914,0.8552338530066815
SemgHandGenderCh2,0.8329621380846325,0.8463251670378619,0.8463251670378619
SemgHandGenderCh2,0.8396436525612472,0.8552338530066815,0.8530066815144766
SemgHandGenderCh2,0.8262806236080178,0.8329621380846325,0.8285077951002228
SemgHandGenderCh2,0.8418708240534521,0.8530066815144766,0.8552338530066815
SemgHandGenderCh2,0.8351893095768375,0.8552338530066815,0.8574610244988864
SemgHandMovementCh2,0.48044692737430167,0.4692737430167598,0.5083798882681564
SemgHandMovementCh2,0.4692737430167598,0.553072625698324,0.547486033519553
SemgHandMovementCh2,0.49162011173184356,0.46368715083798884,0.4748603351955307
SemgHandMovementCh2,0.5251396648044693,0.4748603351955307,0.45251396648044695
SemgHandMovementCh2,0.44692737430167595,0.4748603351955307,0.4860335195530726
SemgHandMovementCh2,0.5139664804469274,0.4748603351955307,0.48044692737430167
SemgHandMovementCh2,0.4860335195530726,0.4748603351955307,0.5027932960893855
SemgHandMovementCh2,0.4748603351955307,0.4692737430167598,0.4972067039106145
SemgHandMovementCh2,0.4022346368715084,0.41899441340782123,0.39664804469273746
SemgHandMovementCh2,0.4972067039106145,0.4581005586592179,0.46368715083798884
SemgHandSubjectCh2,0.8063439065108514,0.7796327212020033,0.7846410684474123
SemgHandSubjectCh2,0.8080133555926544,0.7929883138564274,0.7913188647746243
SemgHandSubjectCh2,0.7979966611018364,0.7963272120200334,0.7896494156928213
SemgHandSubjectCh2,0.7979966611018364,0.7879799666110183,0.7863105175292153
SemgHandSubjectCh2,0.8063439065108514,0.7879799666110183,0.7913188647746243
SemgHandSubjectCh2,0.8030050083472454,0.7863105175292153,0.7879799666110183
SemgHandSubjectCh2,0.8130217028380634,0.7863105175292153,0.7879799666110183
SemgHandSubjectCh2,0.8063439065108514,0.7929883138564274,0.7846410684474123
SemgHandSubjectCh2,0.8013355592654424,0.7879799666110183,0.7779632721202003
SemgHandSubjectCh2,0.8080133555926544,0.7946577629382304,0.7796327212020033
ShakeGestureWiimoteZ,0.8155080213903744,0.8048128342245989,0.8074866310160428
ShakeGestureWiimoteZ,0.8021390374331551,0.8021390374331551,0.7994652406417112
ShakeGestureWiimoteZ,0.8101604278074866,0.8048128342245989,0.8048128342245989
ShakeGestureWiimoteZ,0.8181818181818182,0.8048128342245989,0.7967914438502673
ShakeGestureWiimoteZ,0.8155080213903744,0.7994652406417112,0.7994652406417112
ShakeGestureWiimoteZ,0.8048128342245989,0.8074866310160428,0.8021390374331551
ShakeGestureWiimoteZ,0.8128342245989305,0.8048128342245989,0.8074866310160428
ShakeGestureWiimoteZ,0.8155080213903744,0.8074866310160428,0.8048128342245989
ShakeGestureWiimoteZ,0.8101604278074866,0.8155080213903744,0.8128342245989305
ShakeGestureWiimoteZ,0.8101604278074866,0.8048128342245989,0.8048128342245989
ShapeletSim,0.959731543624161,0.9463087248322147,0.9664429530201343
ShapeletSim,0.9530201342281879,0.959731543624161,0.959731543624161
ShapeletSim,0.959731543624161,0.9530201342281879,0.9664429530201343
ShapeletSim,0.959731543624161,0.959731543624161,0.9664429530201343
ShapeletSim,0.959731543624161,0.9664429530201343,0.9664429530201343
ShapeletSim,0.9463087248322147,0.9463087248322147,0.9463087248322147
ShapeletSim,0.9664429530201343,0.9798657718120806,0.9731543624161074
ShapeletSim,0.9664429530201343,0.9731543624161074,0.9731543624161074
ShapeletSim,0.9664429530201343,0.959731543624161,0.959731543624161
ShapeletSim,0.959731543624161,0.959731543624161,0.959731543624161
ShapesAll,0.7733333333333333,0.7716666666666666,0.7516666666666667
ShapesAll,0.7683333333333333,0.7066666666666667,0.6966666666666667
ShapesAll,0.8266666666666667,0.7733333333333333,0.7816666666666666
ShapesAll,0.7733333333333333,0.7516666666666667,0.7116666666666667
ShapesAll,0.795,0.8583333333333333,0.8466666666666667
ShapesAll,0.7933333333333333,0.7166666666666667,0.7316666666666667
ShapesAll,0.7283333333333334,0.6433333333333333,0.6516666666666666
ShapesAll,0.83,0.805,0.8
ShapesAll,0.7583333333333333,0.7183333333333334,0.7316666666666667
ShapesAll,0.7666666666666667,0.6616666666666666,0.6883333333333334
SmallKitchenAppliances,0.8361344537815126,0.8203781512605042,0.8308823529411765
SmallKitchenAppliances,0.8361344537815126,0.8182773109243697,0.8308823529411765
SmallKitchenAppliances,0.8434873949579832,0.8298319327731093,0.8298319327731093
SmallKitchenAppliances,0.842436974789916,0.8235294117647058,0.8403361344537815
SmallKitchenAppliances,0.8382352941176471,0.8077731092436975,0.8245798319327731
SmallKitchenAppliances,0.8455882352941176,0.8119747899159664,0.8172268907563025
SmallKitchenAppliances,0.851890756302521,0.8539915966386554,0.8497899159663865
SmallKitchenAppliances,0.8361344537815126,0.8308823529411765,0.8340336134453782
SmallKitchenAppliances,0.8340336134453782,0.8214285714285714,0.8214285714285714
SmallKitchenAppliances,0.8529411764705882,0.8308823529411765,0.8361344537815126
SmoothSubspace,0.9632058287795993,0.9572556162720097,0.9608986035215543
SmoothSubspace,0.9650273224043716,0.9590771098967821,0.9629629629629629
SmoothSubspace,0.9651487553126897,0.9590771098967821,0.9629629629629629
SmoothSubspace,0.9624772313296903,0.9571341833636916,0.9613843351548269
SmoothSubspace,0.9642987249544627,0.9565270188221008,0.9612629022465088
SmoothSubspace,0.9636915604128719,0.9560412871888282,0.9627200971463267
SmoothSubspace,0.9650273224043716,0.9605343047965998,0.9629629629629629
SmoothSubspace,0.9647844565877353,0.9574984820886461,0.9611414693381907
SmoothSubspace,0.9633272616879174,0.9583485124468731,0.9613843351548269
SmoothSubspace,0.9638129933211901,0.9595628415300547,0.9627200971463267
SonyAIBORobotSurface1,0.959349593495935,0.962059620596206,0.962059620596206
SonyAIBORobotSurface1,0.9566395663956639,0.962059620596206,0.962059620596206
SonyAIBORobotSurface1,0.959349593495935,0.964769647696477,0.964769647696477
SonyAIBORobotSurface1,0.964769647696477,0.9701897018970189,0.9728997289972899
SonyAIBORobotSurface1,0.959349593495935,0.962059620596206,0.962059620596206
SonyAIBORobotSurface1,0.9728997289972899,0.962059620596206,0.962059620596206
SonyAIBORobotSurface1,0.959349593495935,0.964769647696477,0.964769647696477
SonyAIBORobotSurface1,0.9701897018970189,0.9728997289972899,0.962059620596206
SonyAIBORobotSurface1,0.9728997289972899,0.9701897018970189,0.9701897018970189
SonyAIBORobotSurface1,0.962059620596206,0.9701897018970189,0.9728997289972899
SonyAIBORobotSurface2,0.9166666666666666,0.8990384615384616,0.8974358974358975
SonyAIBORobotSurface2,0.9022435897435898,0.9022435897435898,0.9038461538461539
SonyAIBORobotSurface2,0.9022435897435898,0.8958333333333334,0.8958333333333334
SonyAIBORobotSurface2,0.9134615384615384,0.9038461538461539,0.9038461538461539
SonyAIBORobotSurface2,0.907051282051282,0.9038461538461539,0.8974358974358975
SonyAIBORobotSurface2,0.9022435897435898,0.9006410256410257,0.8942307692307693
SonyAIBORobotSurface2,0.9022435897435898,0.8846153846153846,0.8878205128205128
SonyAIBORobotSurface2,0.9118589743589743,0.8974358974358975,0.8990384615384616
SonyAIBORobotSurface2,0.9166666666666666,0.9006410256410257,0.9022435897435898
SonyAIBORobotSurface2,0.9166666666666666,0.9022435897435898,0.8974358974358975
StarLightCurves,0.9325955734406438,0.9305835010060363,0.9336016096579477
StarLightCurves,0.9386317907444668,0.9386317907444668,0.9426559356136821
StarLightCurves,0.9346076458752515,0.9275653923541247,0.9325955734406438
StarLightCurves,0.9285714285714286,0.9285714285714286,0.920523138832998
StarLightCurves,0.9305835010060363,0.9255533199195171,0.9305835010060363
StarLightCurves,0.920523138832998,0.9124748490945674,0.9225352112676056
StarLightCurves,0.9124748490945674,0.9094567404426559,0.9164989939637826
StarLightCurves,0.9336016096579477,0.9245472837022133,0.9325955734406438
StarLightCurves,0.9285714285714286,0.9275653923541247,0.9346076458752515
StarLightCurves,0.9285714285714286,0.9255533199195171,0.9285714285714286
Strawberry,0.9899665551839465,0.9899665551839465,0.9866220735785953
Strawberry,0.9866220735785953,0.9866220735785953,0.9899665551839465
Strawberry,0.9866220735785953,0.9866220735785953,0.9866220735785953
Strawberry,0.9899665551839465,0.9899665551839465,0.9899665551839465
Strawberry,0.9866220735785953,0.9832775919732442,0.9832775919732442
Strawberry,0.9933110367892977,0.9966555183946488,0.9966555183946488
Strawberry,0.9899665551839465,0.9899665551839465,0.9899665551839465
Strawberry,0.9899665551839465,0.9899665551839465,0.9899665551839465
Strawberry,0.9832775919732442,0.9866220735785953,0.9866220735785953
Strawberry,0.9832775919732442,0.9832775919732442,0.9832775919732442
SwedishLeaf,0.7136563876651982,0.7048458149779736,0.7224669603524229
SwedishLeaf,0.7048458149779736,0.6960352422907489,0.7048458149779736
SwedishLeaf,0.7048458149779736,0.7136563876651982,0.7136563876651982
SwedishLeaf,0.7709251101321586,0.7665198237885462,0.762114537444934
SwedishLeaf,0.73568281938326,0.7224669603524229,0.7224669603524229
SwedishLeaf,0.7312775330396476,0.7180616740088106,0.7268722466960352
SwedishLeaf,0.73568281938326,0.748898678414097,0.748898678414097
SwedishLeaf,0.7136563876651982,0.7180616740088106,0.7136563876651982
SwedishLeaf,0.7224669603524229,0.7180616740088106,0.7180616740088106
SwedishLeaf,0.73568281938326,0.7400881057268722,0.7444933920704846
Symbols,0.813953488372093,0.7984496124031008,0.813953488372093
Symbols,0.8062015503875969,0.7829457364341085,0.7829457364341085
Symbols,0.7984496124031008,0.7906976744186046,0.7906976744186046
Symbols,0.8449612403100775,0.8527131782945736,0.8449612403100775
Symbols,0.8294573643410853,0.8449612403100775,0.8372093023255814
Symbols,0.7984496124031008,0.7596899224806202,0.813953488372093
Symbols,0.7674418604651163,0.7596899224806202,0.7751937984496124
Symbols,0.8217054263565892,0.8062015503875969,0.8217054263565892
Symbols,0.8294573643410853,0.8372093023255814,0.8217054263565892
Symbols,0.8294573643410853,0.8372093023255814,0.8372093023255814
SyntheticControl,0.9797979797979798,0.9797979797979798,0.9797979797979798
SyntheticControl,1,1,1
SyntheticControl,0.9797979797979798,0.9797979797979798,0.9797979797979798
SyntheticControl,0.98989898989899,1,0.98989898989899
SyntheticControl,1,1,1
SyntheticControl,1,1,1
SyntheticControl,1,1,1
SyntheticControl,1,1,1
SyntheticControl,1,1,1
SyntheticControl,1,1,1
ToeSegmentation1,0.7609841827768014,0.7442882249560633,0.7521968365553603
ToeSegmentation1,0.7592267135325131,0.7284710017574693,0.7425307557117751
ToeSegmentation1,0.7627416520210897,0.7495606326889279,0.7442882249560633
ToeSegmentation1,0.7513181019332161,0.7126537785588752,0.7240773286467487
ToeSegmentation1,0.7530755711775043,0.7390158172231986,0.7601054481546573
ToeSegmentation1,0.7706502636203867,0.7539543057996485,0.7442882249560633
ToeSegmentation1,0.7469244288224957,0.726713532513181,0.726713532513181
ToeSegmentation1,0.7847100175746925,0.7495606326889279,0.7636203866432337
ToeSegmentation1,0.7750439367311072,0.7249560632688928,0.7390158172231986
ToeSegmentation1,0.7407732864674869,0.7161687170474517,0.7231985940246046
ToeSegmentation2,0.9869967491872969,0.986496624156039,0.9867466866716679
ToeSegmentation2,0.9879969992498124,0.9874968742185546,0.9887471867966992
ToeSegmentation2,0.9867466866716679,0.9854963740935234,0.9882470617654414
ToeSegmentation2,0.9824956239059764,0.9829957489372343,0.9862465616404101
ToeSegmentation2,0.9907476869217304,0.9899974993748437,0.9909977494373593
ToeSegmentation2,0.9852463115778944,0.9854963740935234,0.9877469367341836
ToeSegmentation2,0.9887471867966992,0.9874968742185546,0.9882470617654414
ToeSegmentation2,0.9862465616404101,0.9857464366091523,0.9867466866716679
ToeSegmentation2,0.9897474368592148,0.9862465616404101,0.989247311827957
ToeSegmentation2,0.9882470617654414,0.9877469367341836,0.9894973743435859
Trace,0.8811188811188811,0.8741258741258742,0.8811188811188811
Trace,0.8811188811188811,0.8881118881118881,0.8811188811188811
Trace,0.8461538461538461,0.8391608391608392,0.8391608391608392
Trace,0.9020979020979021,0.8811188811188811,0.8951048951048951
Trace,0.8461538461538461,0.8321678321678322,0.8531468531468531
Trace,0.8741258741258742,0.8601398601398601,0.8671328671328671
Trace,0.8951048951048951,0.8951048951048951,0.8951048951048951
Trace,0.9230769230769231,0.9090909090909091,0.9090909090909091
Trace,0.8951048951048951,0.8811188811188811,0.9020979020979021
Trace,0.9090909090909091,0.9020979020979021,0.9090909090909091
TwoLeadECG,0.9578330075397934,0.9555989946942195,0.9553197430885227
TwoLeadECG,0.9547612398771292,0.9533649818486456,0.9530857302429488
TwoLeadECG,0.9530857302429488,0.9542027366657359,0.9544819882714326
TwoLeadECG,0.9542027366657359,0.9544819882714326,0.955040491482826
TwoLeadECG,0.9567160011170064,0.9542027366657359,0.9542027366657359
TwoLeadECG,0.9555989946942195,0.9544819882714326,0.955040491482826
TwoLeadECG,0.9544819882714326,0.955040491482826,0.9544819882714326
TwoLeadECG,0.9581122591454901,0.9572745043283999,0.9575537559340966
TwoLeadECG,0.9542027366657359,0.9539234850600391,0.9544819882714326
TwoLeadECG,0.9578330075397934,0.955040491482826,0.9555989946942195
TwoPatterns,0.7964255794470818,0.7793912314995811,0.7821837475565484
TwoPatterns,0.7916783021502374,0.7810667411337615,0.7844177604021223
TwoPatterns,0.7947500698129014,0.7835800055850322,0.784697012007819
TwoPatterns,0.7939123149958113,0.7835800055850322,0.7855347668249092
TwoPatterns,0.7992180955040491,0.7835800055850322,0.7852555152192126
TwoPatterns,0.7913990505445406,0.7749232058084334,0.7791119798938844
TwoPatterns,0.7953085730242949,0.7886065344875733,0.7897235409103602
TwoPatterns,0.7908405473331471,0.7729684445685563,0.778553476682491
TwoPatterns,0.7913990505445406,0.7813459927394583,0.7835800055850322
TwoPatterns,0.7922368053616309,0.7858140184306059,0.7886065344875733
UMD,0.7213068975146607,0.7106953364981848,0.7120915945266685
UMD,0.7146048589779391,0.7120915945266685,0.7137671041608489
UMD,0.7229824071488411,0.7106953364981848,0.7106953364981848
UMD,0.721027645908964,0.709578330075398,0.7148841105836359
UMD,0.7232616587545379,0.7076235688355208,0.7112538397095783
UMD,0.721027645908964,0.7112538397095783,0.7143256073722424
UMD,0.7204691426975706,0.7106953364981848,0.7109745881038816
UMD,0.7173973750349064,0.7090198268640044,0.7134878525551522
UMD,0.722144652331751,0.7146048589779391,0.7146048589779391
UMD,0.7213068975146607,0.7123708461323652,0.7148841105836359
UWaveGestureLibraryAll,0.7294051940798659,0.7171181234292097,0.7201898910918738
UWaveGestureLibraryAll,0.7333147165596202,0.715721865400726,0.7207483943032672
UWaveGestureLibraryAll,0.7260541748115051,0.7118123429209718,0.7176766266406032
UWaveGestureLibraryAll,0.7280089360513823,0.7154426137950293,0.7162803686121195
UWaveGestureLibraryAll,0.7246579167830215,0.7151633621893326,0.7154426137950293
UWaveGestureLibraryAll,0.7333147165596202,0.7171181234292097,0.7196313878804803
UWaveGestureLibraryAll,0.7319184585311366,0.7098575816810947,0.7171181234292097
UWaveGestureLibraryAll,0.7372242390393745,0.7120915945266685,0.7140463557665456
UWaveGestureLibraryAll,0.7308014521083496,0.7196313878804803,0.7193521362747836
UWaveGestureLibraryAll,0.7296844456855627,0.7162803686121195,0.7185143814576934
UWaveGestureLibraryX,0.9957812753529125,0.9961057926334578,0.9962680512737303
UWaveGestureLibraryX,0.9952944994320948,0.9952944994320948,0.9954567580723673
UWaveGestureLibraryX,0.9969170858348207,0.9967548271945481,0.9965925685542755
UWaveGestureLibraryX,0.9965925685542755,0.9961057926334578,0.9964303099140029
UWaveGestureLibraryX,0.99561901671264,0.9962680512737303,0.9961057926334578
UWaveGestureLibraryX,0.9965925685542755,0.9965925685542755,0.9967548271945481
UWaveGestureLibraryX,0.99561901671264,0.9961057926334578,0.9967548271945481
UWaveGestureLibraryX,0.9957812753529125,0.9954567580723673,0.9961057926334578
UWaveGestureLibraryX,0.9965925685542755,0.9964303099140029,0.9965925685542755
UWaveGestureLibraryX,0.9959435339931851,0.9957812753529125,0.9962680512737303
UWaveGestureLibraryY,0.660377358490566,0.6415094339622641,0.6792452830188679
UWaveGestureLibraryY,0.660377358490566,0.660377358490566,0.6792452830188679
UWaveGestureLibraryY,0.660377358490566,0.6792452830188679,0.6981132075471698
UWaveGestureLibraryY,0.6981132075471698,0.6981132075471698,0.6981132075471698
UWaveGestureLibraryY,0.6792452830188679,0.6981132075471698,0.6981132075471698
UWaveGestureLibraryY,0.6037735849056604,0.6226415094339622,0.6981132075471698
UWaveGestureLibraryY,0.660377358490566,0.660377358490566,0.6415094339622641
UWaveGestureLibraryY,0.6792452830188679,0.660377358490566,0.660377358490566
UWaveGestureLibraryY,0.6792452830188679,0.6792452830188679,0.7169811320754716
UWaveGestureLibraryY,0.6792452830188679,0.660377358490566,0.6792452830188679
UWaveGestureLibraryZ,0.6530612244897959,0.6326530612244898,0.640502354788069
UWaveGestureLibraryZ,0.6640502354788069,0.6483516483516484,0.6483516483516484
UWaveGestureLibraryZ,0.6452119309262166,0.6232339089481946,0.6263736263736264
UWaveGestureLibraryZ,0.6562009419152276,0.6326530612244898,0.6295133437990581
UWaveGestureLibraryZ,0.6452119309262166,0.6389324960753532,0.6436420722135008
UWaveGestureLibraryZ,0.6483516483516484,0.6342229199372057,0.6357927786499215
UWaveGestureLibraryZ,0.6530612244897959,0.6483516483516484,0.6483516483516484
UWaveGestureLibraryZ,0.6452119309262166,0.6263736263736264,0.6389324960753532
UWaveGestureLibraryZ,0.6624803767660911,0.6342229199372057,0.6373626373626373
UWaveGestureLibraryZ,0.6593406593406593,0.6326530612244898,0.6357927786499215
Wafer,0.5921052631578947,0.5921052631578947,0.5789473684210527
Wafer,0.618421052631579,0.6052631578947368,0.5921052631578947
Wafer,0.631578947368421,0.5789473684210527,0.5789473684210527
Wafer,0.631578947368421,0.5921052631578947,0.618421052631579
Wafer,0.5921052631578947,0.618421052631579,0.618421052631579
Wafer,0.5657894736842105,0.6052631578947368,0.5921052631578947
Wafer,0.618421052631579,0.6842105263157895,0.6578947368421053
Wafer,0.5789473684210527,0.5789473684210527,0.5921052631578947
Wafer,0.5921052631578947,0.5789473684210527,0.5657894736842105
Wafer,0.618421052631579,0.5921052631578947,0.5789473684210527
Wine,0.6052631578947368,0.618421052631579,0.618421052631579
Wine,0.6578947368421053,0.6578947368421053,0.6578947368421053
Wine,0.5921052631578947,0.6578947368421053,0.6052631578947368
Wine,0.5789473684210527,0.5657894736842105,0.5657894736842105
Wine,0.5657894736842105,0.5921052631578947,0.6052631578947368
Wine,0.5789473684210527,0.5789473684210527,0.5921052631578947
Wine,0.631578947368421,0.631578947368421,0.6447368421052632
Wine,0.631578947368421,0.6447368421052632,0.6447368421052632
Wine,0.6052631578947368,0.618421052631579,0.5921052631578947
Wine,0.618421052631579,0.6578947368421053,0.631578947368421
WordSynonyms,0.8509503167722574,0.8462820940313438,0.8469489829943314
WordSynonyms,0.8546182060686895,0.8516172057352451,0.8506168722907635
WordSynonyms,0.8422807602534178,0.8452817605868623,0.8416138712904302
WordSynonyms,0.8482827609203067,0.8436145381793931,0.8402800933644549
WordSynonyms,0.843947982660887,0.8496165388462821,0.8489496498832945
WordSynonyms,0.8499499833277759,0.8489496498832945,0.8469489829943314
WordSynonyms,0.8459486495498499,0.8452817605868623,0.8472824274758253
WordSynonyms,0.8466155385128377,0.8436145381793931,0.8436145381793931
WordSynonyms,0.8442814271423807,0.8486162054018006,0.8442814271423807
WordSynonyms,0.8496165388462821,0.8492830943647882,0.8489496498832945
