Dataset,Breiman,Ancestor,Zhu
ACSF1,0.78,0.78,0.78
ACSF1,0.78,0.82,0.81
ACSF1,0.78,0.76,0.78
ACSF1,0.78,0.79,0.75
ACSF1,0.81,0.82,0.81
ACSF1,0.8,0.79,0.79
ACSF1,0.8,0.8,0.79
ACSF1,0.75,0.78,0.79
ACSF1,0.83,0.8,0.82
ACSF1,0.78,0.8,0.8
Adiac,0.6828644501278772,0.6956521739130435,0.7033248081841432
Adiac,0.7058823529411765,0.7058823529411765,0.7033248081841432
Adiac,0.6930946291560103,0.7033248081841432,0.7033248081841432
Adiac,0.6956521739130435,0.6930946291560103,0.7007672634271099
Adiac,0.7058823529411765,0.7058823529411765,0.7084398976982097
Adiac,0.6982097186700768,0.6956521739130435,0.690537084398977
Adiac,0.6956521739130435,0.690537084398977,0.6879795396419437
Adiac,0.7135549872122762,0.6982097186700768,0.7186700767263428
Adiac,0.6982097186700768,0.7007672634271099,0.7033248081841432
Adiac,0.7033248081841432,0.7033248081841432,0.6982097186700768
ArrowHead,0.7828571428571428,0.7942857142857143,0.7771428571428571
ArrowHead,0.7828571428571428,0.7771428571428571,0.7771428571428571
ArrowHead,0.8057142857142857,0.8,0.8
ArrowHead,0.7485714285714286,0.76,0.7542857142857143
ArrowHead,0.7657142857142857,0.7714285714285715,0.7885714285714286
ArrowHead,0.7828571428571428,0.7942857142857143,0.7885714285714286
ArrowHead,0.76,0.7828571428571428,0.7942857142857143
ArrowHead,0.7828571428571428,0.7771428571428571,0.7828571428571428
ArrowHead,0.8057142857142857,0.7885714285714286,0.8057142857142857
ArrowHead,0.7657142857142857,0.7771428571428571,0.7771428571428571
BME,0.8066666666666666,0.82,0.8133333333333334
BME,0.7866666666666666,0.7866666666666666,0.7933333333333333
BME,0.78,0.8066666666666666,0.8
BME,0.7866666666666666,0.7933333333333333,0.8266666666666667
BME,0.7933333333333333,0.8066666666666666,0.82
BME,0.7466666666666667,0.7533333333333333,0.7533333333333333
BME,0.8266666666666667,0.8266666666666667,0.8266666666666667
BME,0.7666666666666667,0.7666666666666667,0.7666666666666667
BME,0.8,0.8133333333333334,0.8266666666666667
BME,0.82,0.84,0.8266666666666667
Beef,0.7,0.7,0.7
Beef,0.5666666666666667,0.5666666666666667,0.5666666666666667
Beef,0.6666666666666666,0.7,0.6333333333333333
Beef,0.6333333333333333,0.5666666666666667,0.6
Beef,0.6333333333333333,0.6333333333333333,0.6333333333333333
Beef,0.6,0.6666666666666666,0.6
Beef,0.6,0.6666666666666666,0.6333333333333333
Beef,0.6333333333333333,0.6,0.6333333333333333
Beef,0.7,0.7,0.7
Beef,0.6666666666666666,0.6333333333333333,0.6333333333333333
BeetleFly,0.75,0.8,0.75
BeetleFly,0.75,0.75,0.7
BeetleFly,0.8,0.85,0.85
BeetleFly,0.7,0.75,0.8
BeetleFly,0.8,0.85,0.85
BeetleFly,0.8,0.8,0.8
BeetleFly,0.8,0.8,0.8
BeetleFly,0.8,0.8,0.8
BeetleFly,0.7,0.8,0.75
BeetleFly,0.8,0.75,0.8
BirdChicken,0.95,0.95,1
BirdChicken,0.8,0.8,0.8
BirdChicken,0.8,0.8,0.8
BirdChicken,0.95,0.85,0.9
BirdChicken,0.9,0.9,0.9
BirdChicken,0.8,0.85,0.85
BirdChicken,0.95,0.95,0.85
BirdChicken,0.8,0.8,0.8
BirdChicken,0.8,0.8,0.8
BirdChicken,0.9,0.9,0.9
CBF,0.9766666666666667,0.9833333333333333,0.9788888888888889
CBF,0.9877777777777778,0.99,0.9855555555555555
CBF,0.9833333333333333,0.9866666666666667,0.9833333333333333
CBF,0.98,0.9866666666666667,0.9811111111111112
CBF,0.9833333333333333,0.9888888888888889,0.9888888888888889
CBF,0.9733333333333334,0.9811111111111112,0.9744444444444444
CBF,0.9888888888888889,0.9922222222222222,0.9888888888888889
CBF,0.9844444444444445,0.9888888888888889,0.99
CBF,0.9844444444444445,0.9877777777777778,0.9877777777777778
CBF,0.9788888888888889,0.9866666666666667,0.9833333333333333
Car,0.8833333333333333,0.8666666666666667,0.8666666666666667
Car,0.8166666666666667,0.8333333333333334,0.8
Car,0.7833333333333333,0.7833333333333333,0.7666666666666667
Car,0.7666666666666667,0.8333333333333334,0.8166666666666667
Car,0.8166666666666667,0.8333333333333334,0.8333333333333334
Car,0.8166666666666667,0.85,0.8166666666666667
Car,0.75,0.8,0.8
Car,0.7833333333333333,0.8333333333333334,0.8166666666666667
Car,0.8,0.8166666666666667,0.8
Car,0.8333333333333334,0.8333333333333334,0.85
Chinatown,0.8979591836734694,0.9037900874635568,0.9008746355685131
Chinatown,0.9183673469387755,0.9125364431486881,0.9096209912536443
Chinatown,0.924198250728863,0.9154518950437318,0.9300291545189504
Chinatown,0.9125364431486881,0.9096209912536443,0.9212827988338192
Chinatown,0.892128279883382,0.9037900874635568,0.892128279883382
Chinatown,0.9096209912536443,0.9037900874635568,0.9067055393586005
Chinatown,0.9329446064139941,0.9300291545189504,0.9300291545189504
Chinatown,0.9125364431486881,0.9037900874635568,0.9037900874635568
Chinatown,0.9125364431486881,0.9037900874635568,0.9154518950437318
Chinatown,0.9212827988338192,0.9125364431486881,0.9125364431486881
ChlorineConcentration,0.6786458333333333,0.68125,0.6825520833333333
ChlorineConcentration,0.6666666666666666,0.6619791666666667,0.6635416666666667
ChlorineConcentration,0.6729166666666667,0.6768229166666667,0.6807291666666667
ChlorineConcentration,0.6703125,0.671875,0.6721354166666667
ChlorineConcentration,0.675,0.6822916666666666,0.6815104166666667
ChlorineConcentration,0.6778645833333333,0.68046875,0.68125
ChlorineConcentration,0.671875,0.67734375,0.6783854166666666
ChlorineConcentration,0.6817708333333333,0.6802083333333333,0.6815104166666667
ChlorineConcentration,0.6783854166666666,0.68359375,0.6830729166666667
ChlorineConcentration,0.6684895833333333,0.6716145833333333,0.671875
CinCECGTorso,0.9601449275362319,0.9521739130434783,0.9579710144927536
CinCECGTorso,0.9550724637681159,0.9521739130434783,0.9550724637681159
CinCECGTorso,0.95,0.95,0.9514492753623188
CinCECGTorso,0.9572463768115942,0.9579710144927536,0.9601449275362319
CinCECGTorso,0.9550724637681159,0.9514492753623188,0.9543478260869566
CinCECGTorso,0.9630434782608696,0.9615942028985507,0.9652173913043478
CinCECGTorso,0.9644927536231884,0.9623188405797102,0.9652173913043478
CinCECGTorso,0.9543478260869566,0.9514492753623188,0.9543478260869566
CinCECGTorso,0.9536231884057971,0.9514492753623188,0.9557971014492753
CinCECGTorso,0.9528985507246377,0.9507246376811594,0.9528985507246377
Coffee,1,1,1
Coffee,1,1,1
Coffee,1,1,1
Coffee,1,1,1
Coffee,1,1,1
Coffee,1,1,1
Coffee,1,1,1
Coffee,1,1,1
Coffee,1,0.9642857142857143,0.9642857142857143
Coffee,1,1,1
Computers,0.628,0.636,0.644
Computers,0.624,0.648,0.652
Computers,0.64,0.612,0.624
Computers,0.628,0.612,0.632
Computers,0.648,0.604,0.62
Computers,0.64,0.64,0.636
Computers,0.64,0.62,0.64
Computers,0.628,0.624,0.62
Computers,0.676,0.64,0.652
Computers,0.62,0.62,0.636
CricketX,0.7,0.717948717948718,0.7051282051282052
CricketX,0.7102564102564103,0.7307692307692307,0.735897435897436
CricketX,0.7051282051282052,0.717948717948718,0.717948717948718
CricketX,0.6692307692307692,0.6897435897435897,0.6820512820512821
CricketX,0.7102564102564103,0.7153846153846154,0.7051282051282052
CricketX,0.6666666666666666,0.6923076923076923,0.6897435897435897
CricketX,0.7,0.7076923076923077,0.717948717948718
CricketX,0.7,0.7051282051282052,0.7051282051282052
CricketX,0.676923076923077,0.7153846153846154,0.7025641025641025
CricketX,0.6846153846153846,0.7153846153846154,0.7256410256410256
CricketY,0.7307692307692307,0.7230769230769231,0.7256410256410256
CricketY,0.7205128205128205,0.7384615384615385,0.7256410256410256
CricketY,0.7025641025641025,0.7,0.7205128205128205
CricketY,0.6948717948717948,0.7435897435897436,0.7384615384615385
CricketY,0.7384615384615385,0.7384615384615385,0.7410256410256411
CricketY,0.7051282051282052,0.7333333333333333,0.7435897435897436
CricketY,0.7051282051282052,0.7307692307692307,0.7256410256410256
CricketY,0.7128205128205128,0.7230769230769231,0.7205128205128205
CricketY,0.7153846153846154,0.7282051282051282,0.7333333333333333
CricketY,0.7384615384615385,0.7384615384615385,0.7333333333333333
CricketZ,0.7410256410256411,0.7589743589743589,0.7538461538461538
CricketZ,0.7256410256410256,0.7333333333333333,0.7435897435897436
CricketZ,0.7205128205128205,0.7307692307692307,0.7282051282051282
CricketZ,0.7128205128205128,0.7333333333333333,0.7307692307692307
CricketZ,0.7256410256410256,0.7564102564102564,0.7307692307692307
CricketZ,0.7410256410256411,0.7282051282051282,0.7256410256410256
CricketZ,0.735897435897436,0.7538461538461538,0.7461538461538462
CricketZ,0.7384615384615385,0.7256410256410256,0.7384615384615385
CricketZ,0.7153846153846154,0.7333333333333333,0.7282051282051282
CricketZ,0.7307692307692307,0.717948717948718,0.7256410256410256
Crop,0.7231547619047619,0.723452380952381,0.7242857142857143
Crop,0.72125,0.72875,0.7272619047619048
Crop,0.7207142857142858,0.7176785714285714,0.7173214285714286
Crop,0.7214880952380952,0.7227380952380953,0.721547619047619
Crop,0.7176190476190476,0.7209523809523809,0.7226785714285714
Crop,0.7236904761904762,0.7256547619047619,0.7272619047619048
Crop,0.7288690476190476,0.7283928571428572,0.7306547619047619
Crop,0.7144642857142857,0.7154166666666667,0.7158928571428571
Crop,0.7228571428571429,0.7248809523809524,0.7245833333333334
Crop,0.7227380952380953,0.726845238095238,0.7247619047619047
DiatomSizeReduction,0.9738562091503268,0.9705882352941176,0.9738562091503268
DiatomSizeReduction,0.9771241830065359,0.9803921568627451,0.9803921568627451
DiatomSizeReduction,0.9640522875816994,0.9640522875816994,0.9640522875816994
DiatomSizeReduction,0.9738562091503268,0.9738562091503268,0.9771241830065359
DiatomSizeReduction,0.9575163398692811,0.9607843137254902,0.9575163398692811
DiatomSizeReduction,0.9673202614379085,0.9738562091503268,0.9738562091503268
DiatomSizeReduction,0.9738562091503268,0.9771241830065359,0.9673202614379085
DiatomSizeReduction,0.9738562091503268,0.9803921568627451,0.9771241830065359
DiatomSizeReduction,0.954248366013072,0.9575163398692811,0.9607843137254902
DiatomSizeReduction,0.9705882352941176,0.9771241830065359,0.9705882352941176
DistalPhalanxOutlineAgeGroup,0.6906474820143885,0.6690647482014388,0.6690647482014388
DistalPhalanxOutlineAgeGroup,0.7122302158273381,0.6834532374100719,0.7050359712230215
DistalPhalanxOutlineAgeGroup,0.6834532374100719,0.6906474820143885,0.6906474820143885
DistalPhalanxOutlineAgeGroup,0.6546762589928058,0.6834532374100719,0.7050359712230215
DistalPhalanxOutlineAgeGroup,0.6906474820143885,0.6834532374100719,0.6762589928057554
DistalPhalanxOutlineAgeGroup,0.7194244604316546,0.6762589928057554,0.7122302158273381
DistalPhalanxOutlineAgeGroup,0.7194244604316546,0.7050359712230215,0.7050359712230215
DistalPhalanxOutlineAgeGroup,0.6834532374100719,0.7122302158273381,0.697841726618705
DistalPhalanxOutlineAgeGroup,0.6762589928057554,0.6762589928057554,0.6762589928057554
DistalPhalanxOutlineAgeGroup,0.7194244604316546,0.7266187050359713,0.7553956834532374
DistalPhalanxOutlineCorrect,0.7463768115942029,0.7536231884057971,0.7572463768115942
DistalPhalanxOutlineCorrect,0.7355072463768116,0.7282608695652174,0.7318840579710145
DistalPhalanxOutlineCorrect,0.7427536231884058,0.7427536231884058,0.7427536231884058
DistalPhalanxOutlineCorrect,0.7246376811594203,0.7355072463768116,0.7427536231884058
DistalPhalanxOutlineCorrect,0.7572463768115942,0.7463768115942029,0.7536231884057971
DistalPhalanxOutlineCorrect,0.7463768115942029,0.7536231884057971,0.7391304347826086
DistalPhalanxOutlineCorrect,0.7355072463768116,0.7463768115942029,0.7572463768115942
DistalPhalanxOutlineCorrect,0.7391304347826086,0.717391304347826,0.7355072463768116
DistalPhalanxOutlineCorrect,0.7355072463768116,0.75,0.7463768115942029
DistalPhalanxOutlineCorrect,0.7282608695652174,0.7318840579710145,0.7246376811594203
DistalPhalanxTW,0.6258992805755396,0.6258992805755396,0.6402877697841727
DistalPhalanxTW,0.6187050359712231,0.6618705035971223,0.6258992805755396
DistalPhalanxTW,0.5971223021582733,0.6258992805755396,0.6187050359712231
DistalPhalanxTW,0.5899280575539568,0.5971223021582733,0.5971223021582733
DistalPhalanxTW,0.6330935251798561,0.6187050359712231,0.6115107913669064
DistalPhalanxTW,0.6618705035971223,0.6474820143884892,0.6330935251798561
DistalPhalanxTW,0.6115107913669064,0.6618705035971223,0.6474820143884892
DistalPhalanxTW,0.6330935251798561,0.6546762589928058,0.6690647482014388
DistalPhalanxTW,0.60431654676259,0.5971223021582733,0.5827338129496403
DistalPhalanxTW,0.6474820143884892,0.6402877697841727,0.6402877697841727
ECG200,0.87,0.88,0.87
ECG200,0.91,0.9,0.9
ECG200,0.88,0.88,0.88
ECG200,0.91,0.89,0.91
ECG200,0.9,0.87,0.88
ECG200,0.89,0.89,0.88
ECG200,0.88,0.91,0.9
ECG200,0.89,0.89,0.88
ECG200,0.9,0.88,0.87
ECG200,0.89,0.9,0.9
ECG5000,0.932,0.932,0.9322222222222222
ECG5000,0.9302222222222222,0.9288888888888889,0.9295555555555556
ECG5000,0.928,0.9266666666666666,0.9284444444444444
ECG5000,0.9275555555555556,0.9311111111111111,0.9308888888888889
ECG5000,0.9306666666666666,0.9311111111111111,0.9311111111111111
ECG5000,0.9324444444444444,0.9293333333333333,0.9306666666666666
ECG5000,0.9331111111111111,0.9331111111111111,0.932
ECG5000,0.9322222222222222,0.9302222222222222,0.9291111111111111
ECG5000,0.9308888888888889,0.9308888888888889,0.9311111111111111
ECG5000,0.9306666666666666,0.9308888888888889,0.9313333333333333
ECGFiveDays,0.9581881533101045,0.9628339140534262,0.9605110336817654
ECGFiveDays,0.9628339140534262,0.9570267131242741,0.9616724738675958
ECGFiveDays,0.9581881533101045,0.959349593495935,0.959349593495935
ECGFiveDays,0.9790940766550522,0.975609756097561,0.9814169570267132
ECGFiveDays,0.967479674796748,0.9686411149825784,0.9628339140534262
ECGFiveDays,0.9639953542392566,0.9651567944250871,0.9698025551684089
ECGFiveDays,0.9721254355400697,0.975609756097561,0.9732868757259001
ECGFiveDays,0.975609756097561,0.9686411149825784,0.9721254355400697
ECGFiveDays,0.9698025551684089,0.9709639953542393,0.9686411149825784
ECGFiveDays,0.9605110336817654,0.9616724738675958,0.959349593495935
EOGHorizontalSignal,0.42265193370165743,0.43646408839779005,0.425414364640884
EOGHorizontalSignal,0.44751381215469616,0.46408839779005523,0.4613259668508287
EOGHorizontalSignal,0.4088397790055249,0.430939226519337,0.42265193370165743
EOGHorizontalSignal,0.4585635359116022,0.47790055248618785,0.4613259668508287
EOGHorizontalSignal,0.4419889502762431,0.46685082872928174,0.43646408839779005
EOGHorizontalSignal,0.43646408839779005,0.4613259668508287,0.4530386740331492
EOGHorizontalSignal,0.4088397790055249,0.4281767955801105,0.4198895027624309
EOGHorizontalSignal,0.4116022099447514,0.4613259668508287,0.46408839779005523
EOGHorizontalSignal,0.4198895027624309,0.4530386740331492,0.45027624309392267
EOGHorizontalSignal,0.4171270718232044,0.4585635359116022,0.46408839779005523
EOGVerticalSignal,0.3839779005524862,0.4116022099447514,0.4171270718232044
EOGVerticalSignal,0.3674033149171271,0.3701657458563536,0.3784530386740331
EOGVerticalSignal,0.4005524861878453,0.4005524861878453,0.4143646408839779
EOGVerticalSignal,0.3784530386740331,0.3812154696132597,0.3867403314917127
EOGVerticalSignal,0.38950276243093923,0.39779005524861877,0.38950276243093923
EOGVerticalSignal,0.36464088397790057,0.39502762430939226,0.4005524861878453
EOGVerticalSignal,0.40331491712707185,0.3867403314917127,0.3729281767955801
EOGVerticalSignal,0.3867403314917127,0.38950276243093923,0.3729281767955801
EOGVerticalSignal,0.425414364640884,0.40607734806629836,0.39226519337016574
EOGVerticalSignal,0.3867403314917127,0.3812154696132597,0.3867403314917127
Earthquakes,0.6618705035971223,0.6330935251798561,0.6474820143884892
Earthquakes,0.6834532374100719,0.7194244604316546,0.7122302158273381
Earthquakes,0.697841726618705,0.6330935251798561,0.6402877697841727
Earthquakes,0.6546762589928058,0.6546762589928058,0.6474820143884892
Earthquakes,0.6618705035971223,0.697841726618705,0.7194244604316546
Earthquakes,0.697841726618705,0.6834532374100719,0.697841726618705
Earthquakes,0.7050359712230215,0.6690647482014388,0.6402877697841727
Earthquakes,0.6834532374100719,0.6474820143884892,0.7122302158273381
Earthquakes,0.6690647482014388,0.6690647482014388,0.7122302158273381
Earthquakes,0.697841726618705,0.697841726618705,0.7050359712230215
ElectricDevices,0.6847360912981455,0.6879782129425496,0.6892750616003113
ElectricDevices,0.6954999351575671,0.6916093891842822,0.6964077292180002
ElectricDevices,0.6942030864998054,0.6939437167682532,0.6970561535468811
ElectricDevices,0.6836986123719362,0.6921281286473868,0.6919984437816107
ElectricDevices,0.6954999351575671,0.701724808714823,0.7021138633121514
ElectricDevices,0.6908312799896252,0.6888860070029827,0.6897938010634159
ElectricDevices,0.685125145895474,0.6869407340163403,0.6883672675398781
ElectricDevices,0.6891453767345351,0.6890156918687589,0.694592141097134
ElectricDevices,0.686681364284788,0.6894047464660874,0.6916093891842822
ElectricDevices,0.6917390740500584,0.6903125405265206,0.6929062378420439
EthanolLevel,0.402,0.412,0.408
EthanolLevel,0.364,0.37,0.384
EthanolLevel,0.374,0.388,0.382
EthanolLevel,0.418,0.402,0.402
EthanolLevel,0.364,0.376,0.382
EthanolLevel,0.4,0.402,0.404
EthanolLevel,0.372,0.37,0.386
EthanolLevel,0.386,0.378,0.392
EthanolLevel,0.402,0.402,0.396
EthanolLevel,0.374,0.378,0.386
FaceAll,0.7520710059171598,0.7532544378698225,0.749112426035503
FaceAll,0.7479289940828402,0.7502958579881657,0.749112426035503
FaceAll,0.7455621301775148,0.7538461538461538,0.749112426035503
FaceAll,0.7579881656804733,0.7579881656804733,0.7550295857988165
FaceAll,0.7497041420118343,0.757396449704142,0.7562130177514793
FaceAll,0.7455621301775148,0.750887573964497,0.7497041420118343
FaceAll,0.742603550295858,0.742603550295858,0.7437869822485207
FaceAll,0.7479289940828402,0.7514792899408284,0.750887573964497
FaceAll,0.7479289940828402,0.7544378698224852,0.7502958579881657
FaceAll,0.7473372781065089,0.7544378698224852,0.7550295857988165
FaceFour,0.9545454545454546,0.9431818181818182,0.9545454545454546
FaceFour,0.9545454545454546,0.9431818181818182,0.9318181818181818
FaceFour,0.9204545454545454,0.9431818181818182,0.9318181818181818
FaceFour,0.9318181818181818,0.9545454545454546,0.9318181818181818
FaceFour,0.9431818181818182,0.9431818181818182,0.9545454545454546
FaceFour,0.9659090909090909,0.9659090909090909,0.9545454545454546
FaceFour,0.9318181818181818,0.9431818181818182,0.9431818181818182
FaceFour,0.9318181818181818,0.9545454545454546,0.9431818181818182
FaceFour,0.9772727272727273,0.9545454545454546,0.9545454545454546
FaceFour,0.9431818181818182,0.9204545454545454,0.9318181818181818
FacesUCR,0.8707317073170732,0.8760975609756098,0.8765853658536585
FacesUCR,0.8819512195121951,0.891219512195122,0.8907317073170732
FacesUCR,0.8731707317073171,0.8814634146341463,0.8814634146341463
FacesUCR,0.8785365853658537,0.8795121951219512,0.8809756097560976
FacesUCR,0.8697560975609756,0.8795121951219512,0.8770731707317073
FacesUCR,0.8707317073170732,0.8829268292682927,0.8790243902439024
FacesUCR,0.8731707317073171,0.8814634146341463,0.8731707317073171
FacesUCR,0.8721951219512195,0.8873170731707317,0.884390243902439
FacesUCR,0.8731707317073171,0.8824390243902439,0.88
FacesUCR,0.8795121951219512,0.8868292682926829,0.8853658536585366
FiftyWords,0.7142857142857143,0.7252747252747253,0.7252747252747253
FiftyWords,0.734065934065934,0.7494505494505495,0.7384615384615385
FiftyWords,0.7274725274725274,0.7296703296703296,0.734065934065934
FiftyWords,0.7120879120879121,0.7120879120879121,0.7186813186813187
FiftyWords,0.7318681318681318,0.7296703296703296,0.734065934065934
FiftyWords,0.7230769230769231,0.7428571428571429,0.7362637362637363
FiftyWords,0.7186813186813187,0.7428571428571429,0.7384615384615385
FiftyWords,0.7120879120879121,0.7406593406593407,0.7274725274725274
FiftyWords,0.7318681318681318,0.7406593406593407,0.7450549450549451
FiftyWords,0.7142857142857143,0.7318681318681318,0.734065934065934
Fish,0.8114285714285714,0.8057142857142857,0.8114285714285714
Fish,0.8285714285714286,0.8228571428571428,0.8228571428571428
Fish,0.8228571428571428,0.8285714285714286,0.8342857142857143
Fish,0.8342857142857143,0.8457142857142858,0.8285714285714286
Fish,0.7771428571428571,0.7771428571428571,0.7885714285714286
Fish,0.8342857142857143,0.8171428571428572,0.8342857142857143
Fish,0.8228571428571428,0.8228571428571428,0.8285714285714286
Fish,0.8171428571428572,0.8228571428571428,0.84
Fish,0.8228571428571428,0.8,0.8
Fish,0.7828571428571428,0.7885714285714286,0.7942857142857143
FordA,0.8136363636363636,0.8068181818181818,0.8151515151515152
FordA,0.806060606060606,0.8174242424242424,0.8136363636363636
FordA,0.8068181818181818,0.8106060606060606,0.803030303030303
FordA,0.8348484848484848,0.818939393939394,0.8242424242424242
FordA,0.8196969696969697,0.8212121212121212,0.8227272727272728
FordA,0.8295454545454546,0.8227272727272728,0.8265151515151515
FordA,0.8143939393939394,0.8174242424242424,0.8295454545454546
FordA,0.8151515151515152,0.8265151515151515,0.8227272727272728
FordA,0.8113636363636364,0.8159090909090909,0.8159090909090909
FordA,0.8022727272727272,0.8136363636363636,0.8166666666666667
FordB,0.671604938271605,0.674074074074074,0.6654320987654321
FordB,0.6604938271604939,0.6481481481481481,0.6481481481481481
FordB,0.6901234567901234,0.6753086419753086,0.6777777777777778
FordB,0.7012345679012346,0.6962962962962963,0.6814814814814815
FordB,0.6592592592592592,0.6753086419753086,0.6654320987654321
FordB,0.6567901234567901,0.6864197530864198,0.682716049382716
FordB,0.6666666666666666,0.6814814814814815,0.6666666666666666
FordB,0.6777777777777778,0.6679012345679012,0.6592592592592592
FordB,0.6888888888888889,0.6938271604938272,0.6839506172839506
FordB,0.6617283950617284,0.674074074074074,0.6728395061728395
FreezerRegularTrain,0.9666666666666667,0.9701754385964912,0.9694736842105263
FreezerRegularTrain,0.968421052631579,0.9691228070175438,0.9705263157894737
FreezerRegularTrain,0.968421052631579,0.9719298245614035,0.9705263157894737
FreezerRegularTrain,0.9747368421052631,0.9740350877192983,0.9743859649122807
FreezerRegularTrain,0.9701754385964912,0.9726315789473684,0.9726315789473684
FreezerRegularTrain,0.9740350877192983,0.976140350877193,0.9775438596491228
FreezerRegularTrain,0.9715789473684211,0.9736842105263158,0.9733333333333334
FreezerRegularTrain,0.9694736842105263,0.9740350877192983,0.9740350877192983
FreezerRegularTrain,0.9656140350877193,0.9677192982456141,0.9670175438596491
FreezerRegularTrain,0.9719298245614035,0.9743859649122807,0.9750877192982456
FreezerSmallTrain,0.8526315789473684,0.8515789473684211,0.8564912280701754
FreezerSmallTrain,0.8466666666666667,0.8463157894736842,0.8491228070175438
FreezerSmallTrain,0.843859649122807,0.8354385964912281,0.8428070175438597
FreezerSmallTrain,0.852280701754386,0.8459649122807018,0.8501754385964913
FreezerSmallTrain,0.8449122807017544,0.844561403508772,0.8508771929824561
FreezerSmallTrain,0.8385964912280702,0.8329824561403508,0.8371929824561404
FreezerSmallTrain,0.8287719298245614,0.8333333333333334,0.8315789473684211
FreezerSmallTrain,0.8547368421052631,0.8547368421052631,0.8501754385964913
FreezerSmallTrain,0.8543859649122807,0.8571929824561404,0.8575438596491228
FreezerSmallTrain,0.8575438596491228,0.8673684210526316,0.8652631578947368
Fungi,0.956989247311828,0.9516129032258065,0.9516129032258065
Fungi,0.9516129032258065,0.946236559139785,0.946236559139785
Fungi,0.9623655913978495,0.9623655913978495,0.967741935483871
Fungi,0.9516129032258065,0.9408602150537635,0.946236559139785
Fungi,0.9516129032258065,0.956989247311828,0.9516129032258065
Fungi,0.9731182795698925,0.978494623655914,0.9731182795698925
Fungi,0.956989247311828,0.9623655913978495,0.9623655913978495
Fungi,0.9623655913978495,0.967741935483871,0.9623655913978495
Fungi,0.9516129032258065,0.956989247311828,0.956989247311828
Fungi,0.956989247311828,0.9623655913978495,0.956989247311828
GunPoint,0.9733333333333334,0.9733333333333334,0.9733333333333334
GunPoint,0.96,0.96,0.9666666666666667
GunPoint,0.9666666666666667,0.96,0.9666666666666667
GunPoint,0.9666666666666667,0.9666666666666667,0.9666666666666667
GunPoint,0.9533333333333334,0.96,0.96
GunPoint,0.9733333333333334,0.96,0.9733333333333334
GunPoint,0.96,0.9733333333333334,0.9733333333333334
GunPoint,0.9866666666666667,0.98,0.9733333333333334
GunPoint,0.96,0.98,0.9866666666666667
GunPoint,0.9733333333333334,0.9733333333333334,0.9733333333333334
GunPointAgeSpan,0.9810126582278481,0.9841772151898734,0.9841772151898734
GunPointAgeSpan,0.9746835443037974,0.9778481012658228,0.9810126582278481
GunPointAgeSpan,0.9873417721518988,0.9810126582278481,0.9810126582278481
GunPointAgeSpan,0.9715189873417721,0.9841772151898734,0.9810126582278481
GunPointAgeSpan,0.9841772151898734,0.9841772151898734,0.9841772151898734
GunPointAgeSpan,0.9746835443037974,0.9841772151898734,0.9778481012658228
GunPointAgeSpan,0.9841772151898734,0.9841772151898734,0.9810126582278481
GunPointAgeSpan,0.9778481012658228,0.9841772151898734,0.9873417721518988
GunPointAgeSpan,0.9683544303797469,0.9778481012658228,0.9778481012658228
GunPointAgeSpan,0.9778481012658228,0.9841772151898734,0.9810126582278481
GunPointMaleVersusFemale,0.9873417721518988,0.9841772151898734,0.9841772151898734
GunPointMaleVersusFemale,0.9873417721518988,0.990506329113924,0.9873417721518988
GunPointMaleVersusFemale,0.990506329113924,0.9873417721518988,0.9873417721518988
GunPointMaleVersusFemale,0.9936708860759493,0.9936708860759493,0.9936708860759493
GunPointMaleVersusFemale,0.9873417721518988,0.990506329113924,0.990506329113924
GunPointMaleVersusFemale,0.9873417721518988,0.9873417721518988,0.9873417721518988
GunPointMaleVersusFemale,0.9873417721518988,0.9873417721518988,0.9873417721518988
GunPointMaleVersusFemale,0.9841772151898734,0.9873417721518988,0.9841772151898734
GunPointMaleVersusFemale,0.9841772151898734,0.9873417721518988,0.9841772151898734
GunPointMaleVersusFemale,0.990506329113924,0.9936708860759493,0.9936708860759493
GunPointOldVersusYoung,1,1,1
GunPointOldVersusYoung,1,1,1
GunPointOldVersusYoung,1,1,1
GunPointOldVersusYoung,1,1,1
GunPointOldVersusYoung,1,1,1
GunPointOldVersusYoung,1,1,1
GunPointOldVersusYoung,1,1,1
GunPointOldVersusYoung,1,1,1
GunPointOldVersusYoung,1,1,1
GunPointOldVersusYoung,1,1,1
Ham,0.6,0.6,0.6190476190476191
Ham,0.580952380952381,0.5904761904761905,0.580952380952381
Ham,0.5714285714285714,0.580952380952381,0.580952380952381
Ham,0.5047619047619047,0.5428571428571428,0.47619047619047616
Ham,0.47619047619047616,0.5333333333333333,0.5142857142857142
Ham,0.5523809523809524,0.5333333333333333,0.5333333333333333
Ham,0.580952380952381,0.6190476190476191,0.6095238095238096
Ham,0.6095238095238096,0.6095238095238096,0.5904761904761905
Ham,0.4857142857142857,0.5333333333333333,0.5142857142857142
Ham,0.5238095238095238,0.5142857142857142,0.4857142857142857
HandOutlines,0.8621621621621621,0.8567567567567568,0.8567567567567568
HandOutlines,0.8729729729729729,0.845945945945946,0.8540540540540541
HandOutlines,0.8540540540540541,0.8432432432432433,0.8540540540540541
HandOutlines,0.8567567567567568,0.8648648648648649,0.8567567567567568
HandOutlines,0.8540540540540541,0.8486486486486486,0.8432432432432433
HandOutlines,0.8405405405405405,0.8378378378378378,0.845945945945946
HandOutlines,0.8405405405405405,0.8513513513513513,0.8486486486486486
HandOutlines,0.845945945945946,0.8567567567567568,0.8540540540540541
HandOutlines,0.8432432432432433,0.8432432432432433,0.8378378378378378
HandOutlines,0.8324324324324325,0.8432432432432433,0.8432432432432433
Haptics,0.43506493506493504,0.4318181818181818,0.4318181818181818
Haptics,0.4253246753246753,0.4155844155844156,0.39285714285714285
Haptics,0.4512987012987013,0.44805194805194803,0.44805194805194803
Haptics,0.4253246753246753,0.44155844155844154,0.44155844155844154
Haptics,0.40584415584415584,0.4090909090909091,0.41883116883116883
Haptics,0.38311688311688313,0.37662337662337664,0.39935064935064934
Haptics,0.41883116883116883,0.41233766233766234,0.40584415584415584
Haptics,0.4025974025974026,0.4318181818181818,0.42857142857142855
Haptics,0.4090909090909091,0.41233766233766234,0.40584415584415584
Haptics,0.3961038961038961,0.38636363636363635,0.39285714285714285
Herring,0.515625,0.515625,0.484375
Herring,0.546875,0.5,0.5625
Herring,0.578125,0.546875,0.546875
Herring,0.515625,0.46875,0.484375
Herring,0.453125,0.5,0.484375
Herring,0.546875,0.53125,0.53125
Herring,0.515625,0.515625,0.515625
Herring,0.515625,0.515625,0.5625
Herring,0.46875,0.484375,0.46875
Herring,0.515625,0.515625,0.515625
HouseTwenty,0.865546218487395,0.865546218487395,0.865546218487395
HouseTwenty,0.865546218487395,0.865546218487395,0.8487394957983193
HouseTwenty,0.865546218487395,0.8823529411764706,0.8739495798319328
HouseTwenty,0.8487394957983193,0.8403361344537815,0.8571428571428571
HouseTwenty,0.865546218487395,0.8907563025210085,0.8823529411764706
HouseTwenty,0.8319327731092437,0.8571428571428571,0.8571428571428571
HouseTwenty,0.8403361344537815,0.8739495798319328,0.8739495798319328
HouseTwenty,0.8151260504201681,0.8319327731092437,0.8319327731092437
HouseTwenty,0.865546218487395,0.8739495798319328,0.8907563025210085
HouseTwenty,0.8823529411764706,0.8739495798319328,0.8739495798319328
InlineSkate,0.42363636363636364,0.4290909090909091,0.4254545454545455
InlineSkate,0.4290909090909091,0.41454545454545455,0.4218181818181818
InlineSkate,0.43454545454545457,0.44545454545454544,0.43636363636363634
InlineSkate,0.43272727272727274,0.43272727272727274,0.42
InlineSkate,0.4309090909090909,0.4290909090909091,0.43272727272727274
InlineSkate,0.4254545454545455,0.42363636363636364,0.4163636363636364
InlineSkate,0.43636363636363634,0.44363636363636366,0.4490909090909091
InlineSkate,0.4290909090909091,0.44363636363636366,0.44
InlineSkate,0.4109090909090909,0.42727272727272725,0.41818181818181815
InlineSkate,0.4036363636363636,0.40545454545454546,0.40545454545454546
InsectEPGRegularTrain,0.9839357429718876,0.9879518072289156,0.9879518072289156
InsectEPGRegularTrain,0.9879518072289156,0.9919678714859438,0.9919678714859438
InsectEPGRegularTrain,0.9799196787148594,0.9879518072289156,0.9879518072289156
InsectEPGRegularTrain,0.9919678714859438,0.9919678714859438,0.9919678714859438
InsectEPGRegularTrain,0.9879518072289156,0.9919678714859438,0.9879518072289156
InsectEPGRegularTrain,0.9959839357429718,1,1
InsectEPGRegularTrain,0.9759036144578314,0.9839357429718876,0.9799196787148594
InsectEPGRegularTrain,0.9919678714859438,0.9919678714859438,0.9919678714859438
InsectEPGRegularTrain,0.9839357429718876,0.9919678714859438,0.9919678714859438
InsectEPGRegularTrain,0.9919678714859438,0.9839357429718876,0.9879518072289156
InsectEPGSmallTrain,0.9598393574297188,0.963855421686747,0.9598393574297188
InsectEPGSmallTrain,0.963855421686747,0.9598393574297188,0.9518072289156626
InsectEPGSmallTrain,0.9678714859437751,0.9879518072289156,0.9718875502008032
InsectEPGSmallTrain,0.9558232931726908,0.9799196787148594,0.9759036144578314
InsectEPGSmallTrain,0.9477911646586346,0.9759036144578314,0.9678714859437751
InsectEPGSmallTrain,0.9397590361445783,0.9477911646586346,0.9437751004016064
InsectEPGSmallTrain,0.9678714859437751,0.9678714859437751,0.9678714859437751
InsectEPGSmallTrain,0.9518072289156626,0.963855421686747,0.963855421686747
InsectEPGSmallTrain,0.9598393574297188,0.963855421686747,0.9518072289156626
InsectEPGSmallTrain,0.9437751004016064,0.9678714859437751,0.963855421686747
InsectWingbeatSound,0.5727272727272728,0.5873737373737373,0.5853535353535354
InsectWingbeatSound,0.5686868686868687,0.5686868686868687,0.5707070707070707
InsectWingbeatSound,0.5555555555555556,0.5661616161616162,0.5651515151515152
InsectWingbeatSound,0.5631313131313131,0.5797979797979798,0.5712121212121212
InsectWingbeatSound,0.5661616161616162,0.5681818181818182,0.5727272727272728
InsectWingbeatSound,0.5641414141414142,0.5702020202020202,0.5792929292929293
InsectWingbeatSound,0.5555555555555556,0.5712121212121212,0.5681818181818182
InsectWingbeatSound,0.5696969696969697,0.5676767676767677,0.5752525252525252
InsectWingbeatSound,0.552020202020202,0.5636363636363636,0.5636363636363636
InsectWingbeatSound,0.5611111111111111,0.5616161616161616,0.5641414141414142
ItalyPowerDemand,0.9339164237123421,0.9319727891156463,0.9319727891156463
ItalyPowerDemand,0.9416909620991254,0.9378036929057337,0.9368318756073858
ItalyPowerDemand,0.923226433430515,0.9280855199222546,0.9271137026239067
ItalyPowerDemand,0.9261418853255587,0.9300291545189504,0.9280855199222546
ItalyPowerDemand,0.9358600583090378,0.9387755102040817,0.9368318756073858
ItalyPowerDemand,0.9416909620991254,0.9387755102040817,0.9397473275024295
ItalyPowerDemand,0.9329446064139941,0.9358600583090378,0.9378036929057337
ItalyPowerDemand,0.9280855199222546,0.9300291545189504,0.9339164237123421
ItalyPowerDemand,0.924198250728863,0.9280855199222546,0.9290573372206026
ItalyPowerDemand,0.9271137026239067,0.9251700680272109,0.923226433430515
LargeKitchenAppliances,0.68,0.6986666666666667,0.68
LargeKitchenAppliances,0.68,0.7173333333333334,0.6986666666666667
LargeKitchenAppliances,0.6666666666666666,0.696,0.6746666666666666
LargeKitchenAppliances,0.6986666666666667,0.72,0.6933333333333334
LargeKitchenAppliances,0.7146666666666667,0.6986666666666667,0.6826666666666666
LargeKitchenAppliances,0.7093333333333334,0.736,0.7146666666666667
LargeKitchenAppliances,0.68,0.696,0.6826666666666666
LargeKitchenAppliances,0.712,0.7146666666666667,0.6986666666666667
LargeKitchenAppliances,0.6746666666666666,0.6773333333333333,0.6746666666666666
LargeKitchenAppliances,0.6853333333333333,0.6933333333333334,0.68
Lightning2,0.8032786885245902,0.7540983606557377,0.8032786885245902
Lightning2,0.8688524590163934,0.8360655737704918,0.8360655737704918
Lightning2,0.8688524590163934,0.8688524590163934,0.8688524590163934
Lightning2,0.8524590163934426,0.8360655737704918,0.8688524590163934
Lightning2,0.8852459016393442,0.8852459016393442,0.8852459016393442
Lightning2,0.8524590163934426,0.819672131147541,0.819672131147541
Lightning2,0.8360655737704918,0.819672131147541,0.819672131147541
Lightning2,0.8688524590163934,0.8360655737704918,0.819672131147541
Lightning2,0.8032786885245902,0.8360655737704918,0.8524590163934426
Lightning2,0.8524590163934426,0.8360655737704918,0.8360655737704918
Lightning7,0.6986301369863014,0.7123287671232876,0.7123287671232876
Lightning7,0.6986301369863014,0.726027397260274,0.7397260273972602
Lightning7,0.6986301369863014,0.684931506849315,0.7123287671232876
Lightning7,0.7123287671232876,0.7671232876712328,0.7123287671232876
Lightning7,0.7671232876712328,0.6986301369863014,0.726027397260274
Lightning7,0.7123287671232876,0.7671232876712328,0.7671232876712328
Lightning7,0.7671232876712328,0.7534246575342466,0.7534246575342466
Lightning7,0.6712328767123288,0.7397260273972602,0.7534246575342466
Lightning7,0.684931506849315,0.7534246575342466,0.684931506849315
Lightning7,0.7397260273972602,0.7123287671232876,0.726027397260274
Mallat,0.9134328358208955,0.9292110874200427,0.9215351812366738
Mallat,0.9283582089552239,0.9347547974413646,0.9334754797441365
Mallat,0.9364605543710022,0.9466950959488273,0.9471215351812367
Mallat,0.9313432835820895,0.9219616204690831,0.9228144989339019
Mallat,0.9287846481876333,0.929637526652452,0.9249466950959488
Mallat,0.9223880597014925,0.9211087420042644,0.9245202558635395
Mallat,0.9445628997867804,0.9466950959488273,0.9428571428571428
Mallat,0.920682302771855,0.926226012793177,0.9228144989339019
Mallat,0.9189765458422174,0.9185501066098081,0.9147121535181236
Mallat,0.9377398720682303,0.9326226012793177,0.9347547974413646
Meat,0.9166666666666666,0.9166666666666666,0.9
Meat,0.8666666666666667,0.8666666666666667,0.8666666666666667
Meat,0.9166666666666666,0.8833333333333333,0.8833333333333333
Meat,0.8833333333333333,0.9,0.9
Meat,0.8833333333333333,0.9,0.9
Meat,0.8666666666666667,0.8833333333333333,0.8833333333333333
Meat,0.9166666666666666,0.9166666666666666,0.9
Meat,0.85,0.8666666666666667,0.8833333333333333
Meat,0.8833333333333333,0.8833333333333333,0.8833333333333333
Meat,0.9,0.9166666666666666,0.9166666666666666
MedicalImages,0.725,0.7355263157894737,0.7276315789473684
MedicalImages,0.725,0.7473684210526316,0.7355263157894737
MedicalImages,0.7328947368421053,0.7407894736842106,0.7381578947368421
MedicalImages,0.7302631578947368,0.7473684210526316,0.7447368421052631
MedicalImages,0.7460526315789474,0.7447368421052631,0.7473684210526316
MedicalImages,0.7342105263157894,0.7592105263157894,0.7552631578947369
MedicalImages,0.7276315789473684,0.7447368421052631,0.75
MedicalImages,0.7210526315789474,0.7421052631578947,0.743421052631579
MedicalImages,0.7486842105263158,0.7513157894736842,0.7539473684210526
MedicalImages,0.743421052631579,0.75,0.7526315789473684
MiddlePhalanxOutlineAgeGroup,0.5324675324675324,0.5064935064935064,0.512987012987013
MiddlePhalanxOutlineAgeGroup,0.5454545454545454,0.5454545454545454,0.5454545454545454
MiddlePhalanxOutlineAgeGroup,0.5194805194805194,0.5324675324675324,0.5324675324675324
MiddlePhalanxOutlineAgeGroup,0.5064935064935064,0.525974025974026,0.5194805194805194
MiddlePhalanxOutlineAgeGroup,0.512987012987013,0.5324675324675324,0.5324675324675324
MiddlePhalanxOutlineAgeGroup,0.5,0.4935064935064935,0.487012987012987
MiddlePhalanxOutlineAgeGroup,0.4805194805194805,0.4935064935064935,0.4805194805194805
MiddlePhalanxOutlineAgeGroup,0.538961038961039,0.487012987012987,0.5064935064935064
MiddlePhalanxOutlineAgeGroup,0.5,0.5194805194805194,0.5064935064935064
MiddlePhalanxOutlineAgeGroup,0.4675324675324675,0.4675324675324675,0.4805194805194805
MiddlePhalanxOutlineCorrect,0.7525773195876289,0.711340206185567,0.7250859106529209
MiddlePhalanxOutlineCorrect,0.7353951890034365,0.7457044673539519,0.7491408934707904
MiddlePhalanxOutlineCorrect,0.738831615120275,0.7319587628865979,0.738831615120275
MiddlePhalanxOutlineCorrect,0.711340206185567,0.7044673539518901,0.7044673539518901
MiddlePhalanxOutlineCorrect,0.7319587628865979,0.7285223367697594,0.7353951890034365
MiddlePhalanxOutlineCorrect,0.7353951890034365,0.7216494845360825,0.738831615120275
MiddlePhalanxOutlineCorrect,0.7525773195876289,0.738831615120275,0.7491408934707904
MiddlePhalanxOutlineCorrect,0.7457044673539519,0.738831615120275,0.7594501718213058
MiddlePhalanxOutlineCorrect,0.7594501718213058,0.7697594501718213,0.7835051546391752
MiddlePhalanxOutlineCorrect,0.7422680412371134,0.7319587628865979,0.7457044673539519
MiddlePhalanxTW,0.4805194805194805,0.512987012987013,0.5064935064935064
MiddlePhalanxTW,0.512987012987013,0.5064935064935064,0.487012987012987
MiddlePhalanxTW,0.5194805194805194,0.5324675324675324,0.551948051948052
MiddlePhalanxTW,0.4935064935064935,0.4935064935064935,0.474025974025974
MiddlePhalanxTW,0.45454545454545453,0.461038961038961,0.4675324675324675
MiddlePhalanxTW,0.5,0.474025974025974,0.5194805194805194
MiddlePhalanxTW,0.5064935064935064,0.4935064935064935,0.5194805194805194
MiddlePhalanxTW,0.4935064935064935,0.487012987012987,0.487012987012987
MiddlePhalanxTW,0.4805194805194805,0.44805194805194803,0.487012987012987
MiddlePhalanxTW,0.4675324675324675,0.4935064935064935,0.5
MixedShapesRegularTrain,0.9521649484536082,0.9558762886597938,0.9595876288659794
MixedShapesRegularTrain,0.9529896907216495,0.9558762886597938,0.9579381443298969
MixedShapesRegularTrain,0.9529896907216495,0.9517525773195876,0.9529896907216495
MixedShapesRegularTrain,0.9492783505154639,0.951340206185567,0.9550515463917526
MixedShapesRegularTrain,0.9567010309278351,0.9529896907216495,0.9538144329896907
MixedShapesRegularTrain,0.951340206185567,0.9525773195876288,0.9562886597938144
MixedShapesRegularTrain,0.951340206185567,0.9509278350515464,0.9529896907216495
MixedShapesRegularTrain,0.9509278350515464,0.9488659793814433,0.951340206185567
MixedShapesRegularTrain,0.9529896907216495,0.9571134020618557,0.9562886597938144
MixedShapesRegularTrain,0.9534020618556701,0.9571134020618557,0.9567010309278351
MixedShapesSmallTrain,0.9010309278350516,0.8936082474226804,0.9035051546391752
MixedShapesSmallTrain,0.8985567010309279,0.8985567010309279,0.9035051546391752
MixedShapesSmallTrain,0.8948453608247423,0.8956701030927835,0.8993814432989691
MixedShapesSmallTrain,0.9030927835051547,0.9039175257731958,0.9051546391752577
MixedShapesSmallTrain,0.9039175257731958,0.8948453608247423,0.9055670103092783
MixedShapesSmallTrain,0.9035051546391752,0.9063917525773196,0.9101030927835052
MixedShapesSmallTrain,0.9121649484536083,0.9047422680412371,0.9076288659793814
MixedShapesSmallTrain,0.9063917525773196,0.902680412371134,0.9092783505154639
MixedShapesSmallTrain,0.8857731958762887,0.8944329896907216,0.8981443298969072
MixedShapesSmallTrain,0.9014432989690722,0.9014432989690722,0.9105154639175258
MoteStrain,0.8674121405750799,0.8626198083067093,0.8650159744408946
MoteStrain,0.8809904153354633,0.8650159744408946,0.8738019169329073
MoteStrain,0.8642172523961661,0.8618210862619808,0.8634185303514377
MoteStrain,0.8706070287539937,0.8706070287539937,0.8698083067092651
MoteStrain,0.8666134185303515,0.8722044728434505,0.865814696485623
MoteStrain,0.8650159744408946,0.8738019169329073,0.8746006389776357
MoteStrain,0.8857827476038339,0.8714057507987221,0.8706070287539937
MoteStrain,0.8722044728434505,0.8753993610223643,0.8769968051118211
MoteStrain,0.865814696485623,0.865814696485623,0.8650159744408946
MoteStrain,0.8642172523961661,0.8562300319488818,0.8586261980830671
NonInvasiveFetalECGThorax1,0.8351145038167939,0.8371501272264631,0.8361323155216285
NonInvasiveFetalECGThorax1,0.8412213740458016,0.850381679389313,0.843765903307888
NonInvasiveFetalECGThorax1,0.8412213740458016,0.8513994910941476,0.8478371501272265
NonInvasiveFetalECGThorax1,0.8488549618320611,0.8549618320610687,0.8539440203562341
NonInvasiveFetalECGThorax1,0.8249363867684478,0.8325699745547074,0.8320610687022901
NonInvasiveFetalECGThorax1,0.8381679389312977,0.8432569974554708,0.8452926208651399
NonInvasiveFetalECGThorax1,0.8402035623409669,0.8305343511450382,0.8315521628498728
NonInvasiveFetalECGThorax1,0.8529262086513995,0.8432569974554708,0.8463104325699745
NonInvasiveFetalECGThorax1,0.8366412213740458,0.833587786259542,0.8391857506361323
NonInvasiveFetalECGThorax1,0.8300254452926209,0.8269720101781171,0.8249363867684478
NonInvasiveFetalECGThorax2,0.8768447837150127,0.8748091603053435,0.87735368956743
NonInvasiveFetalECGThorax2,0.8727735368956743,0.8676844783715013,0.8748091603053435
NonInvasiveFetalECGThorax2,0.8763358778625954,0.8793893129770992,0.8798982188295166
NonInvasiveFetalECGThorax2,0.8768447837150127,0.8778625954198473,0.8768447837150127
NonInvasiveFetalECGThorax2,0.8646310432569975,0.8692111959287532,0.8702290076335878
NonInvasiveFetalECGThorax2,0.8702290076335878,0.8727735368956743,0.8758269720101781
NonInvasiveFetalECGThorax2,0.8783715012722646,0.8814249363867684,0.8860050890585242
NonInvasiveFetalECGThorax2,0.872264631043257,0.8727735368956743,0.8712468193384224
NonInvasiveFetalECGThorax2,0.8676844783715013,0.8717557251908397,0.8692111959287532
NonInvasiveFetalECGThorax2,0.8768447837150127,0.8783715012722646,0.8753180661577609
OSULeaf,0.6859504132231405,0.6735537190082644,0.6818181818181818
OSULeaf,0.6776859504132231,0.6776859504132231,0.6694214876033058
OSULeaf,0.6528925619834711,0.6528925619834711,0.6528925619834711
OSULeaf,0.6818181818181818,0.6900826446280992,0.6776859504132231
OSULeaf,0.6818181818181818,0.6776859504132231,0.6652892561983471
OSULeaf,0.6818181818181818,0.6859504132231405,0.6776859504132231
OSULeaf,0.6859504132231405,0.6776859504132231,0.6735537190082644
OSULeaf,0.6776859504132231,0.6818181818181818,0.7024793388429752
OSULeaf,0.7024793388429752,0.6983471074380165,0.7066115702479339
OSULeaf,0.6900826446280992,0.6818181818181818,0.6611570247933884
OliveOil,0.8666666666666667,0.8666666666666667,0.8666666666666667
OliveOil,0.9,0.9,0.9
OliveOil,0.8333333333333334,0.8333333333333334,0.8666666666666667
OliveOil,0.8666666666666667,0.8666666666666667,0.8666666666666667
OliveOil,0.8666666666666667,0.8666666666666667,0.8666666666666667
OliveOil,0.8666666666666667,0.8666666666666667,0.8666666666666667
OliveOil,0.8666666666666667,0.8333333333333334,0.8333333333333334
OliveOil,0.8333333333333334,0.8333333333333334,0.8333333333333334
OliveOil,0.8333333333333334,0.8333333333333334,0.8
OliveOil,0.9,0.9,0.9
PhalangesOutlinesCorrect,0.7680652680652681,0.7587412587412588,0.7634032634032634
PhalangesOutlinesCorrect,0.7634032634032634,0.7564102564102564,0.7599067599067599
PhalangesOutlinesCorrect,0.7599067599067599,0.7599067599067599,0.7622377622377622
PhalangesOutlinesCorrect,0.754079254079254,0.754079254079254,0.7505827505827506
PhalangesOutlinesCorrect,0.7517482517482518,0.7505827505827506,0.7552447552447552
PhalangesOutlinesCorrect,0.754079254079254,0.7447552447552448,0.7517482517482518
PhalangesOutlinesCorrect,0.745920745920746,0.7424242424242424,0.7354312354312355
PhalangesOutlinesCorrect,0.747086247086247,0.752913752913753,0.7494172494172494
PhalangesOutlinesCorrect,0.7284382284382285,0.7400932400932401,0.7354312354312355
PhalangesOutlinesCorrect,0.7494172494172494,0.7494172494172494,0.747086247086247
Phoneme,0.2974683544303797,0.31329113924050633,0.3095991561181435
Phoneme,0.31170886075949367,0.31170886075949367,0.31276371308016876
Phoneme,0.29061181434599154,0.2990506329113924,0.30168776371308015
Phoneme,0.29377637130801687,0.2969409282700422,0.29957805907172996
Phoneme,0.3048523206751055,0.310126582278481,0.310126582278481
Phoneme,0.3043248945147679,0.29957805907172996,0.29957805907172996
Phoneme,0.3048523206751055,0.30010548523206754,0.3048523206751055
Phoneme,0.29852320675105487,0.3032700421940928,0.2974683544303797
Phoneme,0.2958860759493671,0.3095991561181435,0.3048523206751055
Phoneme,0.28955696202531644,0.29957805907172996,0.29641350210970463
PigAirwayPressure,0.14903846153846154,0.16826923076923078,0.16826923076923078
PigAirwayPressure,0.16826923076923078,0.16826923076923078,0.16826923076923078
PigAirwayPressure,0.14423076923076922,0.14903846153846154,0.14423076923076922
PigAirwayPressure,0.16346153846153846,0.16346153846153846,0.15865384615384615
PigAirwayPressure,0.16826923076923078,0.1778846153846154,0.16826923076923078
PigAirwayPressure,0.15384615384615385,0.15384615384615385,0.15384615384615385
PigAirwayPressure,0.15865384615384615,0.16826923076923078,0.16346153846153846
PigAirwayPressure,0.15384615384615385,0.15384615384615385,0.14903846153846154
PigAirwayPressure,0.15865384615384615,0.15865384615384615,0.15865384615384615
PigAirwayPressure,0.1778846153846154,0.17307692307692307,0.17307692307692307
PigArtPressure,0.6634615384615384,0.6971153846153846,0.6826923076923077
PigArtPressure,0.6971153846153846,0.7067307692307693,0.7067307692307693
PigArtPressure,0.7067307692307693,0.6875,0.6875
PigArtPressure,0.6875,0.6730769230769231,0.6778846153846154
PigArtPressure,0.7163461538461539,0.7067307692307693,0.7211538461538461
PigArtPressure,0.6634615384615384,0.6682692307692307,0.6682692307692307
PigArtPressure,0.6682692307692307,0.6682692307692307,0.6634615384615384
PigArtPressure,0.7115384615384616,0.7067307692307693,0.7019230769230769
PigArtPressure,0.6923076923076923,0.6875,0.6778846153846154
PigArtPressure,0.7019230769230769,0.6923076923076923,0.6875
PigCVP,0.36538461538461536,0.34615384615384615,0.35096153846153844
PigCVP,0.3605769230769231,0.3557692307692308,0.34615384615384615
PigCVP,0.36538461538461536,0.36538461538461536,0.3605769230769231
PigCVP,0.35096153846153844,0.3605769230769231,0.3701923076923077
PigCVP,0.34615384615384615,0.3317307692307692,0.33653846153846156
PigCVP,0.3798076923076923,0.3701923076923077,0.3942307692307692
PigCVP,0.36538461538461536,0.34615384615384615,0.34615384615384615
PigCVP,0.33653846153846156,0.33653846153846156,0.34615384615384615
PigCVP,0.3605769230769231,0.35096153846153844,0.35096153846153844
PigCVP,0.3557692307692308,0.34134615384615385,0.33653846153846156
Plane,1,1,1
Plane,1,1,1
Plane,0.9904761904761905,1,1
Plane,1,1,1
Plane,1,1,1
Plane,1,1,1
Plane,1,1,1
Plane,1,1,1
Plane,1,1,1
Plane,1,1,1
PowerCons,0.9777777777777777,0.9944444444444445,0.9944444444444445
PowerCons,0.9888888888888889,0.9888888888888889,0.9833333333333333
PowerCons,0.9722222222222222,0.9555555555555556,0.95
PowerCons,0.9555555555555556,0.9555555555555556,0.9555555555555556
PowerCons,0.9611111111111111,0.9833333333333333,0.9833333333333333
PowerCons,0.9666666666666667,0.9722222222222222,0.9611111111111111
PowerCons,0.9666666666666667,0.9444444444444444,0.9388888888888889
PowerCons,0.9611111111111111,0.9611111111111111,0.9611111111111111
PowerCons,0.9777777777777777,0.9888888888888889,0.9888888888888889
PowerCons,0.9611111111111111,0.9277777777777778,0.9166666666666666
ProximalPhalanxOutlineAgeGroup,0.7658536585365854,0.775609756097561,0.7658536585365854
ProximalPhalanxOutlineAgeGroup,0.7804878048780488,0.8048780487804879,0.7951219512195122
ProximalPhalanxOutlineAgeGroup,0.7609756097560976,0.775609756097561,0.7707317073170732
ProximalPhalanxOutlineAgeGroup,0.7609756097560976,0.7658536585365854,0.7707317073170732
ProximalPhalanxOutlineAgeGroup,0.7951219512195122,0.8048780487804879,0.8097560975609757
ProximalPhalanxOutlineAgeGroup,0.7609756097560976,0.7658536585365854,0.7609756097560976
ProximalPhalanxOutlineAgeGroup,0.7951219512195122,0.7951219512195122,0.7804878048780488
ProximalPhalanxOutlineAgeGroup,0.8,0.8,0.8
ProximalPhalanxOutlineAgeGroup,0.7853658536585366,0.775609756097561,0.775609756097561
ProximalPhalanxOutlineAgeGroup,0.7804878048780488,0.775609756097561,0.7658536585365854
ProximalPhalanxOutlineCorrect,0.8075601374570447,0.8075601374570447,0.7938144329896907
ProximalPhalanxOutlineCorrect,0.8247422680412371,0.8213058419243986,0.8281786941580757
ProximalPhalanxOutlineCorrect,0.7972508591065293,0.8281786941580757,0.8247422680412371
ProximalPhalanxOutlineCorrect,0.7938144329896907,0.7972508591065293,0.7972508591065293
ProximalPhalanxOutlineCorrect,0.8144329896907216,0.8144329896907216,0.8109965635738832
ProximalPhalanxOutlineCorrect,0.7766323024054983,0.7972508591065293,0.8006872852233677
ProximalPhalanxOutlineCorrect,0.8316151202749141,0.8281786941580757,0.8281786941580757
ProximalPhalanxOutlineCorrect,0.8281786941580757,0.8109965635738832,0.8075601374570447
ProximalPhalanxOutlineCorrect,0.8075601374570447,0.8144329896907216,0.8178694158075601
ProximalPhalanxOutlineCorrect,0.8247422680412371,0.8178694158075601,0.8213058419243986
ProximalPhalanxTW,0.6878048780487804,0.6878048780487804,0.6829268292682927
ProximalPhalanxTW,0.7317073170731707,0.7121951219512195,0.7121951219512195
ProximalPhalanxTW,0.7317073170731707,0.7170731707317073,0.7268292682926829
ProximalPhalanxTW,0.7170731707317073,0.7414634146341463,0.7317073170731707
ProximalPhalanxTW,0.7073170731707317,0.7121951219512195,0.7317073170731707
ProximalPhalanxTW,0.7073170731707317,0.7365853658536585,0.7317073170731707
ProximalPhalanxTW,0.7073170731707317,0.7170731707317073,0.7121951219512195
ProximalPhalanxTW,0.7219512195121951,0.7560975609756098,0.7414634146341463
ProximalPhalanxTW,0.7219512195121951,0.7365853658536585,0.7219512195121951
ProximalPhalanxTW,0.7073170731707317,0.7317073170731707,0.7365853658536585
RefrigerationDevices,0.552,0.544,0.536
RefrigerationDevices,0.528,0.5253333333333333,0.52
RefrigerationDevices,0.5413333333333333,0.5333333333333333,0.528
RefrigerationDevices,0.5146666666666667,0.528,0.528
RefrigerationDevices,0.528,0.536,0.5386666666666666
RefrigerationDevices,0.5093333333333333,0.5306666666666666,0.5413333333333333
RefrigerationDevices,0.5706666666666667,0.552,0.5546666666666666
RefrigerationDevices,0.56,0.5333333333333333,0.5413333333333333
RefrigerationDevices,0.52,0.5413333333333333,0.5333333333333333
RefrigerationDevices,0.5333333333333333,0.544,0.5386666666666666
Rock,0.86,0.88,0.88
Rock,0.84,0.84,0.84
Rock,0.86,0.86,0.84
Rock,0.82,0.84,0.84
Rock,0.88,0.86,0.88
Rock,0.86,0.88,0.86
Rock,0.9,0.9,0.88
Rock,0.84,0.86,0.86
Rock,0.84,0.86,0.86
Rock,0.86,0.86,0.88
ScreenType,0.42133333333333334,0.4106666666666667,0.4106666666666667
ScreenType,0.4026666666666667,0.408,0.4
ScreenType,0.43466666666666665,0.4266666666666667,0.43466666666666665
ScreenType,0.408,0.4053333333333333,0.416
ScreenType,0.41333333333333333,0.43466666666666665,0.4266666666666667
ScreenType,0.42133333333333334,0.432,0.4106666666666667
ScreenType,0.44,0.416,0.42933333333333334
ScreenType,0.408,0.4053333333333333,0.4053333333333333
ScreenType,0.41333333333333333,0.42933333333333334,0.43466666666666665
ScreenType,0.4266666666666667,0.42933333333333334,0.4266666666666667
SemgHandGenderCh2,0.93,0.935,0.9316666666666666
SemgHandGenderCh2,0.9216666666666666,0.9466666666666667,0.9383333333333334
SemgHandGenderCh2,0.935,0.94,0.9366666666666666
SemgHandGenderCh2,0.91,0.9283333333333333,0.9216666666666666
SemgHandGenderCh2,0.9066666666666666,0.9333333333333333,0.9316666666666666
SemgHandGenderCh2,0.9216666666666666,0.94,0.9366666666666666
SemgHandGenderCh2,0.9066666666666666,0.9366666666666666,0.9283333333333333
SemgHandGenderCh2,0.915,0.94,0.925
SemgHandGenderCh2,0.925,0.9533333333333334,0.9416666666666667
SemgHandGenderCh2,0.9283333333333333,0.95,0.94
SemgHandMovementCh2,0.7533333333333333,0.8044444444444444,0.8066666666666666
SemgHandMovementCh2,0.7933333333333333,0.8444444444444444,0.8377777777777777
SemgHandMovementCh2,0.8022222222222222,0.8177777777777778,0.8088888888888889
SemgHandMovementCh2,0.7888888888888889,0.8288888888888889,0.8044444444444444
SemgHandMovementCh2,0.7711111111111111,0.8066666666666666,0.7866666666666666
SemgHandMovementCh2,0.7577777777777778,0.7955555555555556,0.8155555555555556
SemgHandMovementCh2,0.7577777777777778,0.8022222222222222,0.7933333333333333
SemgHandMovementCh2,0.7711111111111111,0.8377777777777777,0.8222222222222222
SemgHandMovementCh2,0.7888888888888889,0.7977777777777778,0.7888888888888889
SemgHandMovementCh2,0.7688888888888888,0.82,0.7911111111111111
SemgHandSubjectCh2,0.88,0.8955555555555555,0.9
SemgHandSubjectCh2,0.8733333333333333,0.8866666666666667,0.8866666666666667
SemgHandSubjectCh2,0.8511111111111112,0.8911111111111111,0.8755555555555555
SemgHandSubjectCh2,0.8977777777777778,0.9133333333333333,0.9111111111111111
SemgHandSubjectCh2,0.8688888888888889,0.9044444444444445,0.8955555555555555
SemgHandSubjectCh2,0.8688888888888889,0.8911111111111111,0.8911111111111111
SemgHandSubjectCh2,0.8755555555555555,0.88,0.8644444444444445
SemgHandSubjectCh2,0.8777777777777778,0.9022222222222223,0.8977777777777778
SemgHandSubjectCh2,0.8888888888888888,0.9,0.8955555555555555
SemgHandSubjectCh2,0.88,0.88,0.8688888888888889
ShapeletSim,0.8277777777777777,0.8888888888888888,0.8444444444444444
ShapeletSim,0.8333333333333334,0.8277777777777777,0.8333333333333334
ShapeletSim,0.8611111111111112,0.8777777777777778,0.8666666666666667
ShapeletSim,0.8388888888888889,0.85,0.8388888888888889
ShapeletSim,0.8444444444444444,0.8333333333333334,0.8388888888888889
ShapeletSim,0.8833333333333333,0.8888888888888888,0.9055555555555556
ShapeletSim,0.85,0.8666666666666667,0.8888888888888888
ShapeletSim,0.8555555555555555,0.8611111111111112,0.8722222222222222
ShapeletSim,0.8333333333333334,0.8388888888888889,0.8277777777777777
ShapeletSim,0.8,0.8333333333333334,0.8444444444444444
ShapesAll,0.8333333333333334,0.8283333333333334,0.8333333333333334
ShapesAll,0.8333333333333334,0.835,0.8316666666666667
ShapesAll,0.8333333333333334,0.8333333333333334,0.8383333333333334
ShapesAll,0.8366666666666667,0.84,0.8433333333333334
ShapesAll,0.8283333333333334,0.8383333333333334,0.835
ShapesAll,0.83,0.8266666666666667,0.8333333333333334
ShapesAll,0.84,0.8366666666666667,0.8383333333333334
ShapesAll,0.8333333333333334,0.835,0.84
ShapesAll,0.8366666666666667,0.8366666666666667,0.84
ShapesAll,0.8383333333333334,0.845,0.84
SmallKitchenAppliances,0.736,0.7386666666666667,0.76
SmallKitchenAppliances,0.7626666666666667,0.7333333333333333,0.7493333333333333
SmallKitchenAppliances,0.72,0.7066666666666667,0.728
SmallKitchenAppliances,0.752,0.7413333333333333,0.7573333333333333
SmallKitchenAppliances,0.76,0.7466666666666667,0.7653333333333333
SmallKitchenAppliances,0.7733333333333333,0.7306666666666667,0.7653333333333333
SmallKitchenAppliances,0.752,0.7386666666666667,0.76
SmallKitchenAppliances,0.7413333333333333,0.7413333333333333,0.7546666666666667
SmallKitchenAppliances,0.7493333333333333,0.7253333333333334,0.76
SmallKitchenAppliances,0.7466666666666667,0.752,0.7573333333333333
SmoothSubspace,0.8333333333333334,0.8266666666666667,0.82
SmoothSubspace,0.7933333333333333,0.8466666666666667,0.8066666666666666
SmoothSubspace,0.8266666666666667,0.8066666666666666,0.8133333333333334
SmoothSubspace,0.8666666666666667,0.86,0.8666666666666667
SmoothSubspace,0.82,0.8466666666666667,0.8466666666666667
SmoothSubspace,0.84,0.84,0.84
SmoothSubspace,0.8466666666666667,0.8866666666666667,0.8733333333333333
SmoothSubspace,0.8466666666666667,0.8533333333333334,0.84
SmoothSubspace,0.8066666666666666,0.86,0.8066666666666666
SmoothSubspace,0.8466666666666667,0.8666666666666667,0.88
SonyAIBORobotSurface1,0.8136439267886856,0.8236272878535774,0.8086522462562395
SonyAIBORobotSurface1,0.8252911813643927,0.8419301164725458,0.8336106489184693
SonyAIBORobotSurface1,0.8119800332778702,0.8302828618968386,0.8186356073211315
SonyAIBORobotSurface1,0.826955074875208,0.8419301164725458,0.8352745424292846
SonyAIBORobotSurface1,0.8302828618968386,0.8569051580698835,0.8419301164725458
SonyAIBORobotSurface1,0.8236272878535774,0.8369384359400999,0.8286189683860233
SonyAIBORobotSurface1,0.7886855241264559,0.8069883527454242,0.7953410981697171
SonyAIBORobotSurface1,0.8236272878535774,0.8386023294509152,0.8286189683860233
SonyAIBORobotSurface1,0.8236272878535774,0.8252911813643927,0.8252911813643927
SonyAIBORobotSurface1,0.8302828618968386,0.8236272878535774,0.8286189683860233
SonyAIBORobotSurface2,0.9171038824763903,0.9181532004197271,0.9108079748163693
SonyAIBORobotSurface2,0.9139559286463799,0.9181532004197271,0.9181532004197271
SonyAIBORobotSurface2,0.9097586568730325,0.9076600209863589,0.9118572927597062
SonyAIBORobotSurface2,0.9307450157397692,0.9317943336831059,0.9328436516264428
SonyAIBORobotSurface2,0.9034627492130115,0.9013641133263379,0.9003147953830011
SonyAIBORobotSurface2,0.9045120671563484,0.8992654774396642,0.9045120671563484
SonyAIBORobotSurface2,0.8929695697796433,0.881427072402938,0.8929695697796433
SonyAIBORobotSurface2,0.9233997901364114,0.9171038824763903,0.9202518363064008
SonyAIBORobotSurface2,0.9076600209863589,0.906610703043022,0.9045120671563484
SonyAIBORobotSurface2,0.9181532004197271,0.9160545645330536,0.9223504721930745
StarLightCurves,0.9363768819815445,0.9361340456532298,0.938926663428849
StarLightCurves,0.9340699368625547,0.938926663428849,0.9403836813987373
StarLightCurves,0.9267848470131131,0.9334628460417679,0.9361340456532298
StarLightCurves,0.9380767362797474,0.9394123360854784,0.9429334628460417
StarLightCurves,0.934191355026712,0.9400194269062652,0.9432977173385139
StarLightCurves,0.9250849927149102,0.9293346284604177,0.930791646430306
StarLightCurves,0.9306702282661486,0.9313987372510928,0.9357697911607576
StarLightCurves,0.9337056823700826,0.9369839728023313,0.9408693540553666
StarLightCurves,0.9354055366682856,0.9407479358912093,0.9431762991743565
StarLightCurves,0.930791646430306,0.9316415735794075,0.9351627003399708
Strawberry,0.9540540540540541,0.9594594594594594,0.9567567567567568
Strawberry,0.9594594594594594,0.9621621621621622,0.9594594594594594
Strawberry,0.9540540540540541,0.9540540540540541,0.9567567567567568
Strawberry,0.9648648648648649,0.9594594594594594,0.9621621621621622
Strawberry,0.9540540540540541,0.9540540540540541,0.9540540540540541
Strawberry,0.9567567567567568,0.9567567567567568,0.9567567567567568
Strawberry,0.9567567567567568,0.9567567567567568,0.9486486486486486
Strawberry,0.9540540540540541,0.9567567567567568,0.9540540540540541
Strawberry,0.9432432432432433,0.9513513513513514,0.9432432432432433
Strawberry,0.9648648648648649,0.9648648648648649,0.9621621621621622
SwedishLeaf,0.9008,0.896,0.8992
SwedishLeaf,0.8976,0.904,0.904
SwedishLeaf,0.896,0.896,0.8944
SwedishLeaf,0.904,0.8944,0.8992
SwedishLeaf,0.896,0.896,0.896
SwedishLeaf,0.904,0.8992,0.9024
SwedishLeaf,0.8864,0.8928,0.8896
SwedishLeaf,0.8912,0.8896,0.8832
SwedishLeaf,0.8976,0.8944,0.896
SwedishLeaf,0.9024,0.8912,0.8944
Symbols,0.9718592964824121,0.9688442211055276,0.9708542713567839
Symbols,0.9688442211055276,0.9678391959798995,0.9708542713567839
Symbols,0.9708542713567839,0.9698492462311558,0.9738693467336683
Symbols,0.9728643216080402,0.9768844221105528,0.9758793969849247
Symbols,0.9728643216080402,0.9738693467336683,0.9728643216080402
Symbols,0.9758793969849247,0.9778894472361809,0.9778894472361809
Symbols,0.9748743718592965,0.9748743718592965,0.9768844221105528
Symbols,0.9758793969849247,0.9728643216080402,0.9748743718592965
Symbols,0.9748743718592965,0.9748743718592965,0.9738693467336683
Symbols,0.9748743718592965,0.9768844221105528,0.9738693467336683
SyntheticControl,0.98,0.9866666666666667,0.9866666666666667
SyntheticControl,0.98,0.9833333333333333,0.9766666666666667
SyntheticControl,0.9666666666666667,0.9866666666666667,0.9766666666666667
SyntheticControl,0.9833333333333333,0.9866666666666667,0.9866666666666667
SyntheticControl,0.9733333333333334,0.9833333333333333,0.99
SyntheticControl,0.97,0.9833333333333333,0.9766666666666667
SyntheticControl,0.9766666666666667,0.98,0.98
SyntheticControl,0.9666666666666667,0.9833333333333333,0.9766666666666667
SyntheticControl,0.9733333333333334,0.97,0.9833333333333333
SyntheticControl,0.98,0.98,0.9766666666666667
ToeSegmentation1,0.8596491228070176,0.8596491228070176,0.8464912280701754
ToeSegmentation1,0.8771929824561403,0.8552631578947368,0.8508771929824561
ToeSegmentation1,0.8640350877192983,0.8552631578947368,0.8508771929824561
ToeSegmentation1,0.8771929824561403,0.8728070175438597,0.8771929824561403
ToeSegmentation1,0.8640350877192983,0.868421052631579,0.8640350877192983
ToeSegmentation1,0.8552631578947368,0.8508771929824561,0.8464912280701754
ToeSegmentation1,0.8947368421052632,0.8859649122807017,0.8903508771929824
ToeSegmentation1,0.8596491228070176,0.8771929824561403,0.868421052631579
ToeSegmentation1,0.8245614035087719,0.8552631578947368,0.881578947368421
ToeSegmentation1,0.8947368421052632,0.9035087719298246,0.8771929824561403
ToeSegmentation2,0.8923076923076924,0.9076923076923077,0.8846153846153846
ToeSegmentation2,0.9076923076923077,0.8615384615384616,0.8923076923076924
ToeSegmentation2,0.8923076923076924,0.8769230769230769,0.8846153846153846
ToeSegmentation2,0.8769230769230769,0.8538461538461538,0.8769230769230769
ToeSegmentation2,0.9076923076923077,0.9076923076923077,0.9076923076923077
ToeSegmentation2,0.9307692307692308,0.9076923076923077,0.9230769230769231
ToeSegmentation2,0.9,0.9076923076923077,0.9076923076923077
ToeSegmentation2,0.9,0.8769230769230769,0.8846153846153846
ToeSegmentation2,0.8692307692307693,0.8769230769230769,0.8769230769230769
ToeSegmentation2,0.8846153846153846,0.9076923076923077,0.9
Trace,0.99,0.99,0.99
Trace,0.97,0.97,0.98
Trace,0.98,0.97,0.97
Trace,0.97,0.98,0.97
Trace,0.98,0.98,0.98
Trace,0.98,0.99,0.99
Trace,0.98,0.97,0.98
Trace,0.98,0.98,0.98
Trace,0.98,0.97,0.98
Trace,0.97,0.97,0.97
TwoLeadECG,0.7884108867427568,0.7945566286215979,0.7892888498683055
TwoLeadECG,0.7892888498683055,0.7884108867427568,0.7840210711150132
TwoLeadECG,0.8077260755048288,0.8077260755048288,0.8050921861281826
TwoLeadECG,0.7840210711150132,0.7857769973661106,0.7848990342405618
TwoLeadECG,0.8138718173836699,0.8208955223880597,0.8208955223880597
TwoLeadECG,0.8182616330114135,0.8191395961369623,0.8165057067603161
TwoLeadECG,0.7875329236172081,0.7840210711150132,0.7805092186128183
TwoLeadECG,0.8112379280070237,0.8138718173836699,0.8086040386303776
TwoLeadECG,0.7761194029850746,0.7901668129938543,0.7769973661106233
TwoLeadECG,0.7910447761194029,0.8024582967515365,0.7901668129938543
TwoPatterns,0.836,0.856,0.852
TwoPatterns,0.8415,0.879,0.86775
TwoPatterns,0.81775,0.847,0.8385
TwoPatterns,0.84625,0.87625,0.874
TwoPatterns,0.82625,0.86525,0.85675
TwoPatterns,0.8175,0.853,0.8425
TwoPatterns,0.837,0.87325,0.86425
TwoPatterns,0.81575,0.85575,0.84575
TwoPatterns,0.82375,0.856,0.8495
TwoPatterns,0.82825,0.86125,0.852
UMD,0.7708333333333334,0.7847222222222222,0.7777777777777778
UMD,0.7569444444444444,0.7916666666666666,0.7916666666666666
UMD,0.7847222222222222,0.7916666666666666,0.7847222222222222
UMD,0.7916666666666666,0.8194444444444444,0.8125
UMD,0.7569444444444444,0.7986111111111112,0.7777777777777778
UMD,0.75,0.75,0.7569444444444444
UMD,0.75,0.7638888888888888,0.7638888888888888
UMD,0.7638888888888888,0.7916666666666666,0.7847222222222222
UMD,0.7638888888888888,0.7708333333333334,0.7638888888888888
UMD,0.8125,0.7847222222222222,0.7847222222222222
UWaveGestureLibraryAll,0.9472361809045227,0.9533780011166946,0.9553322166387493
UWaveGestureLibraryAll,0.9475153545505304,0.9514237855946399,0.949748743718593
UWaveGestureLibraryAll,0.9469570072585148,0.9508654383026243,0.9517029592406476
UWaveGestureLibraryAll,0.948073701842546,0.954215522054718,0.9558905639307649
UWaveGestureLibraryAll,0.9477945281965382,0.954215522054718,0.9525404801786711
UWaveGestureLibraryAll,0.9477945281965382,0.9525404801786711,0.949748743718593
UWaveGestureLibraryAll,0.9455611390284757,0.9508654383026243,0.9505862646566164
UWaveGestureLibraryAll,0.9475153545505304,0.9553322166387493,0.9558905639307649
UWaveGestureLibraryAll,0.9491903964265773,0.9533780011166946,0.9536571747627024
UWaveGestureLibraryAll,0.9522613065326633,0.9519821328866555,0.9505862646566164
UWaveGestureLibraryX,0.7973199329983249,0.7964824120603015,0.8012283640424344
UWaveGestureLibraryX,0.7903405918481295,0.7936906756002233,0.7950865438302624
UWaveGestureLibraryX,0.7964824120603015,0.8006700167504187,0.7981574539363484
UWaveGestureLibraryX,0.7920156337241765,0.7973199329983249,0.8001116694584032
UWaveGestureLibraryX,0.7959240647682859,0.7992741485203797,0.798715801228364
UWaveGestureLibraryX,0.7906197654941374,0.7984366275823562,0.7953657174762703
UWaveGestureLibraryX,0.7836404243439419,0.7967615857063093,0.7922948073701842
UWaveGestureLibraryX,0.7853154662199888,0.792573981016192,0.7922948073701842
UWaveGestureLibraryX,0.7914572864321608,0.7962032384142937,0.7995533221663875
UWaveGestureLibraryX,0.7931323283082077,0.8006700167504187,0.8037409268565048
UWaveGestureLibraryY,0.7278056951423786,0.7395309882747069,0.7426018983807928
UWaveGestureLibraryY,0.7272473478503629,0.7300390843104411,0.7311557788944724
UWaveGestureLibraryY,0.7216638749302066,0.7356225572305974,0.734785036292574
UWaveGestureLibraryY,0.7336683417085427,0.7336683417085427,0.7367392518146287
UWaveGestureLibraryY,0.7222222222222222,0.7252931323283082,0.7300390843104411
UWaveGestureLibraryY,0.7289223897264099,0.7269681742043551,0.7266890005583473
UWaveGestureLibraryY,0.7213847012841987,0.7264098269123395,0.7286432160804021
UWaveGestureLibraryY,0.7292015633724176,0.7361809045226131,0.7381351200446677
UWaveGestureLibraryY,0.7275265214963708,0.7403685092127303,0.7386934673366834
UWaveGestureLibraryY,0.7261306532663316,0.7272473478503629,0.7364600781686209
UWaveGestureLibraryZ,0.7174762702400893,0.7216638749302066,0.725572305974316
UWaveGestureLibraryZ,0.7158012283640425,0.7211055276381909,0.7213847012841987
UWaveGestureLibraryZ,0.7132886655499721,0.7202680067001676,0.7222222222222222
UWaveGestureLibraryZ,0.7144053601340034,0.7297599106644332,0.7250139586823003
UWaveGestureLibraryZ,0.724176437744277,0.7272473478503629,0.7269681742043551
UWaveGestureLibraryZ,0.7213847012841987,0.7185929648241206,0.7238972640982692
UWaveGestureLibraryZ,0.7244556113902848,0.7294807370184254,0.7350642099385818
UWaveGestureLibraryZ,0.7213847012841987,0.7333891680625348,0.7319932998324958
UWaveGestureLibraryZ,0.7208263539921831,0.7266890005583473,0.7294807370184254
UWaveGestureLibraryZ,0.7191513121161363,0.7219430485762144,0.72250139586823
Wafer,0.9988643737832577,0.9985399091499026,0.9987021414665801
Wafer,0.9990266060999351,0.9987021414665801,0.9988643737832577
Wafer,0.9988643737832577,0.9985399091499026,0.9990266060999351
Wafer,0.9988643737832577,0.9983776768332252,0.9985399091499026
Wafer,0.9983776768332252,0.9985399091499026,0.9983776768332252
Wafer,0.9982154445165476,0.9983776768332252,0.9983776768332252
Wafer,0.9990266060999351,0.9990266060999351,0.9990266060999351
Wafer,0.9987021414665801,0.9990266060999351,0.9988643737832577
Wafer,0.9987021414665801,0.9987021414665801,0.9988643737832577
Wafer,0.9990266060999351,0.9988643737832577,0.9988643737832577
Wine,0.5555555555555556,0.5,0.5370370370370371
Wine,0.6481481481481481,0.6111111111111112,0.6111111111111112
Wine,0.6111111111111112,0.6481481481481481,0.5925925925925926
Wine,0.6481481481481481,0.6481481481481481,0.6481481481481481
Wine,0.6666666666666666,0.6666666666666666,0.6851851851851852
Wine,0.6851851851851852,0.6296296296296297,0.6666666666666666
Wine,0.6111111111111112,0.5925925925925926,0.5925925925925926
Wine,0.5925925925925926,0.6111111111111112,0.6111111111111112
Wine,0.6296296296296297,0.5925925925925926,0.6296296296296297
Wine,0.6481481481481481,0.6296296296296297,0.6296296296296297
WordSynonyms,0.6880877742946708,0.6959247648902821,0.7084639498432602
WordSynonyms,0.6865203761755486,0.6912225705329154,0.6927899686520376
WordSynonyms,0.7053291536050157,0.7163009404388715,0.7178683385579937
WordSynonyms,0.6802507836990596,0.7068965517241379,0.7053291536050157
WordSynonyms,0.6943573667711599,0.7037617554858934,0.6943573667711599
WordSynonyms,0.6880877742946708,0.6927899686520376,0.7053291536050157
WordSynonyms,0.6912225705329154,0.7053291536050157,0.7053291536050157
WordSynonyms,0.6896551724137931,0.6990595611285266,0.700626959247649
WordSynonyms,0.6990595611285266,0.6943573667711599,0.7037617554858934
WordSynonyms,0.6786833855799373,0.7053291536050157,0.7037617554858934
Worms,0.6103896103896104,0.6103896103896104,0.6233766233766234
Worms,0.6363636363636364,0.6623376623376623,0.6493506493506493
Worms,0.6623376623376623,0.7012987012987013,0.6883116883116883
Worms,0.6233766233766234,0.6363636363636364,0.6363636363636364
Worms,0.6363636363636364,0.6623376623376623,0.6883116883116883
Worms,0.6233766233766234,0.6493506493506493,0.6493506493506493
Worms,0.6883116883116883,0.7402597402597403,0.7012987012987013
Worms,0.6753246753246753,0.6623376623376623,0.6753246753246753
Worms,0.6233766233766234,0.6753246753246753,0.6753246753246753
Worms,0.6233766233766234,0.6623376623376623,0.6623376623376623
WormsTwoClass,0.7922077922077922,0.7402597402597403,0.7662337662337663
WormsTwoClass,0.7142857142857143,0.7662337662337663,0.7532467532467533
WormsTwoClass,0.8181818181818182,0.8181818181818182,0.7922077922077922
WormsTwoClass,0.7272727272727273,0.7142857142857143,0.7012987012987013
WormsTwoClass,0.7662337662337663,0.7662337662337663,0.7662337662337663
WormsTwoClass,0.7792207792207793,0.7662337662337663,0.7272727272727273
WormsTwoClass,0.7142857142857143,0.7142857142857143,0.7142857142857143
WormsTwoClass,0.7922077922077922,0.7142857142857143,0.7402597402597403
WormsTwoClass,0.7402597402597403,0.8051948051948052,0.7792207792207793
WormsTwoClass,0.6883116883116883,0.7402597402597403,0.7012987012987013
Yoga,0.8513333333333334,0.8553333333333333,0.8566666666666667
Yoga,0.841,0.845,0.8463333333333334
Yoga,0.8453333333333334,0.8423333333333334,0.8446666666666667
Yoga,0.847,0.8463333333333334,0.8463333333333334
Yoga,0.8513333333333334,0.8466666666666667,0.8486666666666667
Yoga,0.8516666666666667,0.8493333333333334,0.851
Yoga,0.8503333333333334,0.8526666666666667,0.8526666666666667
Yoga,0.8403333333333334,0.8436666666666667,0.8423333333333334
Yoga,0.8456666666666667,0.852,0.85
Yoga,0.844,0.845,0.845
